category,hwahae_rank,product_name,hwahae_rating,hwahae_review,olive_search_query,olive_found,olive_brand,olive_product_name,olive_full_name,original_price,sale_price,discount_rate
skin_toner,1,에스네이처아쿠아 오아시스 토너,4.74,27245,에스네이처아쿠아 오아시스 토너,1,에스네이처,[속촉촉 진정토너] 에스네이처 아쿠아 오아시스 토너 300ml 기획 (+젤크림 30ml),에스네이처[속촉촉 진정토너] 에스네이처 아쿠아 오아시스 토너 300ml 기획 (+젤크림 30ml),25000.0,18900.0,24.4
skin_toner,2,토리든다이브인 저분자 히알루론산 토너,4.7,34786,토리든다이브인 저분자 히알루론산 토너,1,토리든,[NEW/6월올영픽] 토리든 다이브인 저분자 히알루론산 토너 500ml 기획 (+늘어나는 화장솜 60매),토리든[NEW/6월올영픽] 토리든 다이브인 저분자 히알루론산 토너 500ml 기획 (+늘어나는 화장솜 60매),29000.0,19000.0,34.5
skin_toner,3,토니모리세라마이드 모찌 토너,4.69,17493,토니모리세라마이드 모찌 토너,0,,,,,,
skin_toner,4,라운드랩1025 독도 토너,4.43,94669,라운드랩1025 독도 토너,1,라운드랩,[6월올영픽/미스트형] 라운드랩 1025 독도 토너 300ml 1+1 기획 (+늘어나는 스킨패드 30매),라운드랩[6월올영픽/미스트형] 라운드랩 1025 독도 토너 300ml 1+1 기획 (+늘어나는 스킨패드 30매),29800.0,25300.0,15.1
skin_toner,5,이즈앤트리초저분자 히아루론산 토너,4.7,9436,이즈앤트리초저분자 히아루론산 토너,1,이즈앤트리,이즈앤트리 초저분자 히아루론산 토너 300ml 리필기획 (+200ml 리필 + 미스트 펌프 + 늘어나는 화장솜),이즈앤트리이즈앤트리 초저분자 히아루론산 토너 300ml 리필기획 (+200ml 리필 + 미스트 펌프 + 늘어나는 화장솜),33500.0,22500.0,32.8
skin_toner,6,라보레브피치마이크로바이옴 78 피디알엔 토너,4.61,1845,라보레브피치마이크로바이옴 78 피디알엔 토너,0,,,,,,
skin_toner,7,비그린무알콜 뮤신 에센스 토너,4.65,3143,비그린무알콜 뮤신 에센스 토너,0,,,,,,
skin_toner,8,인요에세라마이드 쌀 그리미 밀크 토너,4.71,675,인요에세라마이드 쌀 그리미 밀크 토너,0,,,,,,
skin_toner,9,코스노리판테놀 베리어 토너,4.73,3391,코스노리판테놀 베리어 토너,1,코스노리,[수분장벽토너] 코스노리 판테놀 베리어 토너 205ml,코스노리[수분장벽토너] 코스노리 판테놀 베리어 토너 205ml,20000.0,12000.0,40.0
skin_toner,10,아누아어성초 77 수딩 토너,4.49,2107,아누아어성초 77 수딩 토너,0,,,,,,
skin_toner,11,더랩바이블랑두올리고 히알루론산 딥 토너,4.73,4394,더랩바이블랑두올리고 히알루론산 딥 토너,1,더랩바이블랑두,[대용량/속보습폭발] 더랩바이블랑두 올리고 히알루론산 딥 토너 500ml 대용량 기획 (+100ml),더랩바이블랑두[대용량/속보습폭발] 더랩바이블랑두 올리고 히알루론산 딥 토너 500ml 대용량 기획 (+100ml),37000.0,28900.0,21.9
skin_toner,12,닥터트웬티프로젝트나인 토너,4.64,2084,닥터트웬티프로젝트나인 토너,0,,,,,,
skin_toner,13,이플미하이드라 셀 부스팅 토너,4.67,1515,이플미하이드라 셀 부스팅 토너,0,,,,,,
skin_toner,14,닥터지레드 블레미쉬 10-시카 캡슐 수딩 토너,4.74,403,닥터지레드 블레미쉬 10-시카 캡슐 수딩 토너,1,닥터지,[NEW/미니어처증정] 닥터지 레드 블레미쉬 10-시카 캡슐 수딩 토너 300ml 기획 (+100ml),닥터지[NEW/미니어처증정] 닥터지 레드 블레미쉬 10-시카 캡슐 수딩 토너 300ml 기획 (+100ml),30000.0,30000.0,0.0
skin_toner,15,마몽드플로라글로우 로즈 리퀴드 마스크,4.47,1445,마몽드플로라글로우 로즈 리퀴드 마스크,1,마몽드,[NEW/미니 화잘먹] 마몽드 플로라 글로우 로즈 리퀴드 마스크 15ml,마몽드[NEW/미니 화잘먹] 마몽드 플로라 글로우 로즈 리퀴드 마스크 15ml,4600.0,4600.0,0.0
skin_toner,16,프리메이어성초 진정해 수분 토너,4.68,3681,프리메이어성초 진정해 수분 토너,0,,,,,,
skin_toner,17,웰라쥬리얼 히알루로닉 토너,4.7,1481,웰라쥬리얼 히알루로닉 토너,1,웰라쥬,[첫수분토너/대용량] 웰라쥬 리얼 히알루로닉 100 토너 300ml 기획 (+화장솜 60매),웰라쥬[첫수분토너/대용량] 웰라쥬 리얼 히알루로닉 100 토너 300ml 기획 (+화장솜 60매),28000.0,28000.0,0.0
skin_toner,18,토리든다이브인 저분자 히알루론산 스킨부스터,4.64,3150,토리든다이브인 저분자 히알루론산 스킨부스터,1,토리든,토리든 다이브인 저분자 히알루론산 스킨 부스터 200ml,토리든토리든 다이브인 저분자 히알루론산 스킨 부스터 200ml,18000.0,14400.0,20.0
skin_toner,19,비플레인녹두 모공 클리어링 라하 토너,4.62,651,비플레인녹두 모공 클리어링 라하 토너,1,비플레인,[각질쓱삭/피지케어] 비플레인 녹두 모공 클리어링 라하 토너 265ml,비플레인[각질쓱삭/피지케어] 비플레인 녹두 모공 클리어링 라하 토너 265ml,24000.0,12000.0,50.0
skin_toner,20,로티리프루미 하이드레이팅 토너,4.58,500,로티리프루미 하이드레이팅 토너,0,,,,,,
skin_toner,21,마녀공장비피다 바이옴 앰플 토너,4.57,10181,마녀공장비피다 바이옴 앰플 토너,1,마녀공장,[대용량/총500ml] 마녀공장 비피다 바이옴 앰플 토너 400ml+100ml 기획,마녀공장[대용량/총500ml] 마녀공장 비피다 바이옴 앰플 토너 400ml+100ml 기획,25000.0,17500.0,30.0
skin_toner,22,라네즈크림 스킨 세라펩타이드™ 리파이너,4.61,1622,라네즈크림 스킨 세라펩타이드™ 리파이너,0,,,,,,
skin_toner,23,바이오더마하이드라비오 에센스 로션,4.33,3548,바이오더마하이드라비오 에센스 로션,1,바이오더마,[6월 올영픽] 바이오더마 하이드라비오 에센스로션 200ml 2입 기획 (+미스트펌프 증정),바이오더마[6월 올영픽] 바이오더마 하이드라비오 에센스로션 200ml 2입 기획 (+미스트펌프 증정),59000.0,43200.0,26.8
skin_toner,24,아비브어성초 카밍 토너 스킨 부스터,4.52,1405,아비브어성초 카밍 토너 스킨 부스터,1,아비브,[수분진정] 아비브 어성초 카밍 토너 스킨부스터 더블 기획 (200ml+200ml),아비브[수분진정] 아비브 어성초 카밍 토너 스킨부스터 더블 기획 (200ml+200ml),39000.0,25940.0,33.5
skin_toner,25,비플레인시카테롤 토너,4.71,2611,비플레인시카테롤 토너,1,비플레인,[흔적진정] 비플레인 시카테롤 블레미쉬 패드 80매,비플레인[흔적진정] 비플레인 시카테롤 블레미쉬 패드 80매,26000.0,19500.0,25.0
skin_toner,26,바이오더마하이드라비오 토너,4.38,2537,바이오더마하이드라비오 토너,1,바이오더마,[6월 올영픽] 바이오더마 하이드라비오 토너 500ml  기획(+250ml 증정),바이오더마[6월 올영픽] 바이오더마 하이드라비오 토너 500ml  기획(+250ml 증정),38000.0,26000.0,31.6
skin_toner,27,아누아피디알엔 100 히알루론산 부스터 토너,4.67,219,아누아피디알엔 100 히알루론산 부스터 토너,1,아누아,[수지 PICK] 아누아 피디알엔 100 히알루론산 부스터 토너 250ml 기획 (+40ml),아누아[수지 PICK] 아누아 피디알엔 100 히알루론산 부스터 토너 250ml 기획 (+40ml),25000.0,16900.0,32.4
skin_toner,28,넘버즈인1번 진정 맑게담은 청초토너,4.56,1717,넘버즈인1번 진정 맑게담은 청초토너,1,넘버즈인,[쿨링진정]넘버즈인 1번 진정 맑게담은 청초토너 300ml 리필기획(+300ml 증정),넘버즈인[쿨링진정]넘버즈인 1번 진정 맑게담은 청초토너 300ml 리필기획(+300ml 증정),40000.0,25500.0,36.2
skin_toner,29,브링그린티트리 시카 수딩 토너,4.4,490,브링그린티트리 시카 수딩 토너,1,브링그린,[수부지토너]브링그린 티트리 시카 수딩 토너 (500ml/250ml),브링그린[수부지토너]브링그린 티트리 시카 수딩 토너 (500ml/250ml),15000.0,13500.0,10.0
skin_toner,30,시드물오리지널 웰빙 녹차스킨,4.28,18636,시드물오리지널 웰빙 녹차스킨,0,,,,,,
skin_toner,31,셀라딕스히알루로닉 인텐스 토너,4.78,201,셀라딕스히알루로닉 인텐스 토너,0,,,,,,
skin_toner,32,싸이닉더 심플 카밍 토너,4.41,15350,싸이닉더 심플 카밍 토너,1,싸이닉,싸이닉 더 심플 카밍 토너 145ml,싸이닉싸이닉 더 심플 카밍 토너 145ml,18000.0,7900.0,56.1
skin_toner,33,에스트라아토베리어365 캡슐 토너,4.72,102,에스트라아토베리어365 캡슐 토너,1,에스트라,[NEW] 에스트라 아토베리어365 캡슐 토너 300ml,에스트라[NEW] 에스트라 아토베리어365 캡슐 토너 300ml,30000.0,30000.0,0.0
skin_toner,34,토리든밸런스풀 시카 각질 토너,4.54,764,토리든밸런스풀 시카 각질 토너,1,토리든,토리든 밸런스풀 시카 각질 토너 250ml,토리든토리든 밸런스풀 시카 각질 토너 250ml,24000.0,18000.0,25.0
skin_toner,35,YBK세라마이드 릴리프 하이드레이션 토너,4.61,109,YBK세라마이드 릴리프 하이드레이션 토너,0,,,,,,
skin_toner,36,마녀공장판테토인 에센스 토너,4.65,959,마녀공장판테토인 에센스 토너,1,마녀공장,[속보습] 마녀공장 판테토인 에센스 토너 200ml,마녀공장[속보습] 마녀공장 판테토인 에센스 토너 200ml,21000.0,14600.0,30.5
skin_toner,37,닥터지레드 블레미쉬 클리어 수딩 토너,4.35,2446,닥터지레드 블레미쉬 클리어 수딩 토너,1,닥터지,[진정/각질제거/대용량] 닥터지 레드 블레미쉬 클리어 수딩 토너 500ml,닥터지[진정/각질제거/대용량] 닥터지 레드 블레미쉬 클리어 수딩 토너 500ml,39000.0,39000.0,0.0
skin_toner,38,프리메이진정한 수분 토너,4.65,194,프리메이진정한 수분 토너,0,,,,,,
skin_toner,39,브이티코스메틱PDRN 광채토너,4.49,132,브이티코스메틱PDRN 광채토너,1,VT,[광채부스팅] VT 피디알엔 토너 250ml,VT[광채부스팅] VT 피디알엔 토너 250ml,25000.0,17500.0,30.0
skin_toner,40,히디프로얄 레이어링 버블토너,4.52,468,히디프로얄 레이어링 버블토너,0,,,,,,
skin_toner,41,에뛰드순정 약산성 5.5 진정 토너,4.3,13440,에뛰드순정 약산성 5.5 진정 토너,0,,,,,,
skin_toner,42,라운드랩소나무 진정 시카 토너,4.58,578,라운드랩소나무 진정 시카 토너,1,라운드랩,[흔적말끔] 라운드랩 소나무 진정 시카 크림 플러스 60ml 기획 (+토너 20ml),라운드랩[흔적말끔] 라운드랩 소나무 진정 시카 크림 플러스 60ml 기획 (+토너 20ml),34000.0,23900.0,29.7
skin_toner,43,파티온포도당 하이드로 에센스토너,4.61,236,파티온포도당 하이드로 에센스토너,1,파티온,[속건조해결] 파티온 포도당 하이드로 에센스토너 300ml 더블 기획(2개입),파티온[속건조해결] 파티온 포도당 하이드로 에센스토너 300ml 더블 기획(2개입),32000.0,32000.0,0.0
skin_toner,44,땡큐파머피토 릴리풀™ 시카 부스팅 토너,4.69,772,땡큐파머피토 릴리풀™ 시카 부스팅 토너,0,,,,,,
skin_toner,45,이즈앤트리체스트넛 바하 0.9% 클리어 토너,4.59,115,이즈앤트리체스트넛 바하 0.9% 클리어 토너,0,,,,,,
skin_toner,46,라운드랩약콩 판테놀 토너,4.71,102,라운드랩약콩 판테놀 토너,0,,,,,,
skin_toner,47,메이크프렘인테카 진정 토너,4.66,680,메이크프렘인테카 진정 토너,1,메이크프렘,메이크프렘 인테카 진정 토너 200ml 기획(+리필 100ml+크림 31ml),메이크프렘메이크프렘 인테카 진정 토너 200ml 기획(+리필 100ml+크림 31ml),26000.0,20800.0,20.0
skin_toner,48,라운드랩자작나무 수분 토너,4.5,2529,라운드랩자작나무 수분 토너,1,라운드랩,[수분생기] 라운드랩 자작나무 수분 토너 1+1 기획 (300ml+300ml),라운드랩[수분생기] 라운드랩 자작나무 수분 토너 1+1 기획 (300ml+300ml),24000.0,23800.0,0.8
skin_toner,49,아브카히알루론산 모공 토너,4.41,172,아브카히알루론산 모공 토너,0,,,,,,
skin_toner,50,마일드랩리얼블루센텔라 아줄렌 에센스 토너,4.61,106,마일드랩리얼블루센텔라 아줄렌 에센스 토너,0,,,,,,
skin_toner,51,에스트라에이시카365 수분토너 pH4.5,4.6,73,에스트라에이시카365 수분토너 pH4.5,0,,,,,,
skin_toner,52,일리윤세라마이드 아토 속보습 스킨,4.6,548,일리윤세라마이드 아토 속보습 스킨,1,일리윤,일리윤 세라마이드 아토 속보습 스킨 250ML,일리윤일리윤 세라마이드 아토 속보습 스킨 250ML,23000.0,23000.0,0.0
skin_toner,53,딕셔니스트아미노산 토너,4.59,2976,딕셔니스트아미노산 토너,1,딕셔니스트,[결청소토너] 딕셔니스트 아미노산 토너 250ml *,딕셔니스트[결청소토너] 딕셔니스트 아미노산 토너 250ml *,30000.0,19500.0,35.0
skin_toner,54,비플레인캐모마일 약산성 토너,4.5,7589,비플레인캐모마일 약산성 토너,0,,,,,,
skin_toner,55,원씽병풀 추출물 토너,4.49,4078,원씽병풀 추출물 토너,1,원씽,[수분진정/붉은기완화] 원씽 병풀 추출물 토너 150ml,원씽[수분진정/붉은기완화] 원씽 병풀 추출물 토너 150ml,11500.0,9900.0,13.9
skin_toner,56,에스트라테라크네365 하이드로 액티브 토너,4.41,182,에스트라테라크네365 하이드로 액티브 토너,1,에스트라,에스트라 테라크네365 하이드로 액티브 토너 200ml,에스트라에스트라 테라크네365 하이드로 액티브 토너 200ml,30000.0,30000.0,0.0
skin_toner,57,코스알엑스풀핏 프로폴리스 시너지 토너,4.47,2585,코스알엑스풀핏 프로폴리스 시너지 토너,1,코스알엑스,코스알엑스 풀핏 프로폴리스 시너지 토너 280ml,코스알엑스코스알엑스 풀핏 프로폴리스 시너지 토너 280ml,22000.0,15800.0,28.2
skin_toner,58,원씽어성초 추출물 토너,4.49,5676,원씽어성초 추출물 토너,1,원씽,[트러블완화/진정] 원씽 어성초 추출물 토너 150ml,원씽[트러블완화/진정] 원씽 어성초 추출물 토너 150ml,11500.0,9900.0,13.9
skin_toner,59,아브카딥 모이스처 세라마이드 크림 토너,4.61,33,아브카딥 모이스처 세라마이드 크림 토너,0,,,,,,
skin_toner,60,잇츠스킨스네일 콜라겐 액티브 토너,4.85,48,잇츠스킨스네일 콜라겐 액티브 토너,0,,,,,,
skin_toner,61,에뛰드순정 약산성 5.5 진정 토너,4.3,13440,에뛰드순정 약산성 5.5 진정 토너,0,,,,,,
skin_toner,62,라운드랩소나무 진정 시카 토너,4.58,578,라운드랩소나무 진정 시카 토너,1,라운드랩,[흔적말끔] 라운드랩 소나무 진정 시카 크림 플러스 60ml 기획 (+토너 20ml),라운드랩[흔적말끔] 라운드랩 소나무 진정 시카 크림 플러스 60ml 기획 (+토너 20ml),34000.0,23900.0,29.7
skin_toner,63,파티온포도당 하이드로 에센스토너,4.61,236,파티온포도당 하이드로 에센스토너,1,파티온,[속건조해결] 파티온 포도당 하이드로 에센스토너 300ml 더블 기획(2개입),파티온[속건조해결] 파티온 포도당 하이드로 에센스토너 300ml 더블 기획(2개입),32000.0,32000.0,0.0
skin_toner,64,땡큐파머피토 릴리풀™ 시카 부스팅 토너,4.69,772,땡큐파머피토 릴리풀™ 시카 부스팅 토너,0,,,,,,
skin_toner,65,이즈앤트리체스트넛 바하 0.9% 클리어 토너,4.59,115,이즈앤트리체스트넛 바하 0.9% 클리어 토너,0,,,,,,
skin_toner,66,라운드랩약콩 판테놀 토너,4.71,102,라운드랩약콩 판테놀 토너,0,,,,,,
skin_toner,67,메이크프렘인테카 진정 토너,4.66,680,메이크프렘인테카 진정 토너,1,메이크프렘,메이크프렘 인테카 진정 토너 200ml 기획(+리필 100ml+크림 31ml),메이크프렘메이크프렘 인테카 진정 토너 200ml 기획(+리필 100ml+크림 31ml),26000.0,20800.0,20.0
skin_toner,68,라운드랩자작나무 수분 토너,4.5,2529,라운드랩자작나무 수분 토너,1,라운드랩,[수분생기] 라운드랩 자작나무 수분 토너 1+1 기획 (300ml+300ml),라운드랩[수분생기] 라운드랩 자작나무 수분 토너 1+1 기획 (300ml+300ml),24000.0,23800.0,0.8
skin_toner,69,아브카히알루론산 모공 토너,4.41,172,아브카히알루론산 모공 토너,0,,,,,,
skin_toner,70,마일드랩리얼블루센텔라 아줄렌 에센스 토너,4.61,106,마일드랩리얼블루센텔라 아줄렌 에센스 토너,0,,,,,,
skin_toner,71,에스트라에이시카365 수분토너 pH4.5,4.6,73,에스트라에이시카365 수분토너 pH4.5,0,,,,,,
skin_toner,72,일리윤세라마이드 아토 속보습 스킨,4.6,548,일리윤세라마이드 아토 속보습 스킨,1,일리윤,일리윤 세라마이드 아토 속보습 스킨 250ML,일리윤일리윤 세라마이드 아토 속보습 스킨 250ML,23000.0,23000.0,0.0
skin_toner,73,딕셔니스트아미노산 토너,4.59,2976,딕셔니스트아미노산 토너,1,딕셔니스트,[결청소토너] 딕셔니스트 아미노산 토너 250ml *,딕셔니스트[결청소토너] 딕셔니스트 아미노산 토너 250ml *,30000.0,19500.0,35.0
skin_toner,74,비플레인캐모마일 약산성 토너,4.5,7589,비플레인캐모마일 약산성 토너,0,,,,,,
skin_toner,75,원씽병풀 추출물 토너,4.49,4078,원씽병풀 추출물 토너,1,원씽,[수분진정/붉은기완화] 원씽 병풀 추출물 토너 150ml,원씽[수분진정/붉은기완화] 원씽 병풀 추출물 토너 150ml,11500.0,9900.0,13.9
skin_toner,76,에스트라테라크네365 하이드로 액티브 토너,4.41,182,에스트라테라크네365 하이드로 액티브 토너,1,에스트라,에스트라 테라크네365 하이드로 액티브 토너 200ml,에스트라에스트라 테라크네365 하이드로 액티브 토너 200ml,30000.0,30000.0,0.0
skin_toner,77,코스알엑스풀핏 프로폴리스 시너지 토너,4.47,2585,코스알엑스풀핏 프로폴리스 시너지 토너,1,코스알엑스,코스알엑스 풀핏 프로폴리스 시너지 토너 280ml,코스알엑스코스알엑스 풀핏 프로폴리스 시너지 토너 280ml,22000.0,15800.0,28.2
skin_toner,78,원씽어성초 추출물 토너,4.49,5676,원씽어성초 추출물 토너,1,원씽,[트러블완화/진정] 원씽 어성초 추출물 토너 150ml,원씽[트러블완화/진정] 원씽 어성초 추출물 토너 150ml,11500.0,9900.0,13.9
skin_toner,79,아브카딥 모이스처 세라마이드 크림 토너,4.61,33,아브카딥 모이스처 세라마이드 크림 토너,0,,,,,,
skin_toner,80,잇츠스킨스네일 콜라겐 액티브 토너,4.85,48,잇츠스킨스네일 콜라겐 액티브 토너,0,,,,,,
skin_toner,81,세로랩스수딩 토너,4.51,1006,세로랩스수딩 토너,0,,,,,,
skin_toner,82,브이티코스메틱피디알엔 토너,4.83,12,브이티코스메틱피디알엔 토너,1,VT,[광채부스팅] VT 피디알엔 토너 250ml,VT[광채부스팅] VT 피디알엔 토너 250ml,25000.0,17500.0,30.0
skin_toner,83,쓰리노프데일리 컨셔스 토너,4.64,360,쓰리노프데일리 컨셔스 토너,0,,,,,,
skin_toner,84,파티온노스카나인 트러블 클리어 토너,4.54,865,파티온노스카나인 트러블 클리어 토너,1,파티온,[약산성/저자극] 파티온 노스카나인 트러블 클리어 토너 200ml,파티온[약산성/저자극] 파티온 노스카나인 트러블 클리어 토너 200ml,23000.0,23000.0,0.0
skin_toner,85,아누아복숭아 77 나이아신 에센스 토너,4.47,133,아누아복숭아 77 나이아신 에센스 토너,0,,,,,,
skin_toner,86,백아율모이스처 밸런싱 토너,4.75,1593,백아율모이스처 밸런싱 토너,0,,,,,,
skin_toner,87,마데카21테카 솔루션 수딩 미스트 토너,4.38,165,마데카21테카 솔루션 수딩 미스트 토너,0,,,,,,
skin_toner,88,카이네라벤더 PDRN 리바이탈라이징 토너,4.6,646,카이네라벤더 PDRN 리바이탈라이징 토너,0,,,,,,
skin_toner,89,셀라딕스트러블 쿨 카밍 131 토너,4.6,195,셀라딕스트러블 쿨 카밍 131 토너,1,셀라딕스,셀라딕스 트러블 쿨 카밍 131 토너 300ml,셀라딕스셀라딕스 트러블 쿨 카밍 131 토너 300ml,18300.0,15900.0,13.1
skin_toner,90,조선미녀맑은쌀채운토너,4.57,818,조선미녀맑은쌀채운토너,1,조선미녀,[모공/진정케어] 조선미녀 맑은쌀채운 토너 150ml,조선미녀[모공/진정케어] 조선미녀 맑은쌀채운 토너 150ml,18000.0,14400.0,20.0
skin_toner,91,코스알엑스아하/바하 클래리파잉 토너 미스트,4.32,4607,코스알엑스아하/바하 클래리파잉 토너 미스트,0,,,,,,
skin_toner,92,메디힐티트리 진정 수분 토너,4.63,260,메디힐티트리 진정 수분 토너,1,메디힐,[87관왕 No.1] 메디힐 더마 토너패드 100매 7종 피부 고민별 골라담기,메디힐[87관왕 No.1] 메디힐 더마 토너패드 100매 7종 피부 고민별 골라담기,26000.0,17900.0,31.2
skin_toner,93,싸이닉히아루론산 앰플 스킨,4.47,2036,싸이닉히아루론산 앰플 스킨,0,,,,,,
skin_toner,94,설화수윤조에센스,4.6,237,설화수윤조에센스,1,설화수,[업체배송] 설화수 윤조에센스 6세대 90ml 기획(+에센스90ml+클렌징폼50ml+에센스8ml+자음생크림5ml),설화수[업체배송] 설화수 윤조에센스 6세대 90ml 기획(+에센스90ml+클렌징폼50ml+에센스8ml+자음생크림5ml),140000.0,126000.0,10.0
skin_toner,95,한율어린쑥 수분진정 토너,4.54,307,한율어린쑥 수분진정 토너,1,한율,[트러블진정] 한율 어린쑥 5분 트러블진정패드 60+10매 (어린쑥패드),한율[트러블진정] 한율 어린쑥 5분 트러블진정패드 60+10매 (어린쑥패드),29000.0,29000.0,0.0
skin_toner,96,땡큐파머강화 교동쌀 맑음 에센셜 토너,4.62,545,땡큐파머강화 교동쌀 맑음 에센셜 토너,1,땡큐파머,[화해1위/미백토너] 땡큐파머 강화교동쌀 맑음 에센셜토너 200ml,땡큐파머[화해1위/미백토너] 땡큐파머 강화교동쌀 맑음 에센셜토너 200ml,28000.0,21000.0,25.0
skin_toner,97,이즈앤트리히아루론산 토너,4.13,14012,이즈앤트리히아루론산 토너,1,이즈앤트리,이즈앤트리 초저분자 히아루론산 토너 300ml 리필기획 (+200ml 리필 + 미스트 펌프 + 늘어나는 화장솜),이즈앤트리이즈앤트리 초저분자 히아루론산 토너 300ml 리필기획 (+200ml 리필 + 미스트 펌프 + 늘어나는 화장솜),33500.0,22500.0,32.8
skin_toner,98,이니스프리레티놀 PDRN 스킨부스터 토너,4.57,138,이니스프리레티놀 PDRN 스킨부스터 토너,1,이니스프리,[모공속광] 이니스프리 레티놀 그린티 PDRN 스킨부스터 토너 170ml 기획 (+50ml),이니스프리[모공속광] 이니스프리 레티놀 그린티 PDRN 스킨부스터 토너 170ml 기획 (+50ml),25000.0,18000.0,28.0
skin_toner,99,풀리쌀 세라 에센스 토너,4.44,72,풀리쌀 세라 에센스 토너,1,풀리,[레이PICK/보습광채] 풀리 쌀 세라 에센스 토너 250ml,풀리[레이PICK/보습광채] 풀리 쌀 세라 에센스 토너 250ml,27000.0,21500.0,20.4
skin_toner,100,달바비타 토닝 세럼 토너,4.55,240,달바비타 토닝 세럼 토너,1,달바,[미백/잡티케어] 달바 비타 토닝 세럼 토너 180ml,달바[미백/잡티케어] 달바 비타 토닝 세럼 토너 180ml,29900.0,29900.0,0.0
lotion_emulsion,1,일리윤세라마이드 아토 로션,4.79,2207,일리윤세라마이드 아토 로션,1,일리윤,[5년연속1위] 일리윤 세라마이드 아토 로션기획(600ML+600ML),일리윤[5년연속1위] 일리윤 세라마이드 아토 로션기획(600ML+600ML),53900.0,35900.0,33.4
lotion_emulsion,2,아토팜수딩 젤 로션,4.75,2589,아토팜수딩 젤 로션,1,아토팜,아토팜 수딩 젤 로션 160ml,아토팜아토팜 수딩 젤 로션 160ml,26000.0,18300.0,29.6
lotion_emulsion,3,에스트라아토베리어365 로션,4.67,2650,에스트라아토베리어365 로션,1,에스트라,에스트라 아토베리어365 로션 150ml 기획 (하이드로에센스 25ml+세라-히알 앰플 7ml),에스트라에스트라 아토베리어365 로션 150ml 기획 (하이드로에센스 25ml+세라-히알 앰플 7ml),33000.0,29700.0,10.0
lotion_emulsion,4,아토팜MLE 로션,4.74,5115,아토팜MLE 로션,1,아토팜,아토팜 MLE 로션 200ml 기획(200ml+60ml),아토팜아토팜 MLE 로션 200ml 기획(200ml+60ml),32000.0,22400.0,30.0
lotion_emulsion,5,싸이닉더 심플 데일리 로션,4.43,23855,싸이닉더 심플 데일리 로션,1,싸이닉,싸이닉 더 심플 데일리 로션 260ml,싸이닉싸이닉 더 심플 데일리 로션 260ml,18000.0,9900.0,45.0
lotion_emulsion,6,라운드랩1025 독도 로션,4.31,26903,라운드랩1025 독도 로션,1,라운드랩,[6월올영픽/대용량] 라운드랩 1025 독도 로션 400ml,라운드랩[6월올영픽/대용량] 라운드랩 1025 독도 로션 400ml,39000.0,23600.0,39.5
lotion_emulsion,7,레스케미갈락토미세스 더마로션,4.7,604,레스케미갈락토미세스 더마로션,0,,,,,,
lotion_emulsion,8,코스노리판테놀 베리어 에멀전,4.66,1335,코스노리판테놀 베리어 에멀전,1,코스노리,[화잘먹로션/장벽로션] 코스노리 판테놀 베리어 에멀전 150ml,코스노리[화잘먹로션/장벽로션] 코스노리 판테놀 베리어 에멀전 150ml,24000.0,16800.0,30.0
lotion_emulsion,9,라운드랩소나무 진정 시카 로션,4.56,1082,라운드랩소나무 진정 시카 로션,1,라운드랩,[민감진정/화해1위] 라운드랩 포 맨 소나무 진정 시카 로션 200ml,라운드랩[민감진정/화해1위] 라운드랩 포 맨 소나무 진정 시카 로션 200ml,25000.0,17600.0,29.6
lotion_emulsion,10,온그리디언츠스킨 베리어 카밍 로션,4.39,1184,온그리디언츠스킨 베리어 카밍 로션,1,온그리디언츠,[1등 속광로션/단독기획] 온그리디언츠 스킨 베리어 카밍 로션 이엑스 220ml 기획 (+80ml),온그리디언츠[1등 속광로션/단독기획] 온그리디언츠 스킨 베리어 카밍 로션 이엑스 220ml 기획 (+80ml),39900.0,39900.0,0.0
lotion_emulsion,11,러베5중 세라마이드 로션,4.72,306,러베5중 세라마이드 로션,0,,,,,,
lotion_emulsion,12,세타필모이스춰라이징 로션,4.5,1763,세타필모이스춰라이징 로션,1,세타필,[토이스토리5 증정팩/6월올영픽] 세타필 모이스춰라이징 로션 1L/각질제거 SA 로션&워시 473ml,세타필[토이스토리5 증정팩/6월올영픽] 세타필 모이스춰라이징 로션 1L/각질제거 SA 로션&워시 473ml,24000.0,17800.0,25.8
lotion_emulsion,13,브링그린블루빈 B5-PDRN 마일드 로션,4.58,463,브링그린블루빈 B5-PDRN 마일드 로션,1,브링그린,[화해1위] 브링그린 블루빈 B5-PDRN 마일드 로션 230ml (+블루빈크림 7ml),브링그린[화해1위] 브링그린 블루빈 B5-PDRN 마일드 로션 230ml (+블루빈크림 7ml),21000.0,16800.0,20.0
lotion_emulsion,14,더마비세라엠디 리페어 로션,4.62,1334,더마비세라엠디 리페어 로션,1,더마비,[무향]더마비 세라엠디 리페어 로션 400ml,더마비[무향]더마비 세라엠디 리페어 로션 400ml,22000.0,16000.0,27.3
lotion_emulsion,15,퓨어솜서양송악 순수 로션,4.69,526,퓨어솜서양송악 순수 로션,0,,,,,,
lotion_emulsion,16,피지오겔DMT 페이셜 로션,4.15,13090,피지오겔DMT 페이셜 로션,1,피지오겔,피지오겔 DMT 페이셜 로션 200ml 기획 (+토너 50ml),피지오겔피지오겔 DMT 페이셜 로션 200ml 기획 (+토너 50ml),38000.0,20900.0,45.0
lotion_emulsion,17,YBK세라마이드 릴리프 하이드레이션 에멀젼,4.63,109,YBK세라마이드 릴리프 하이드레이션 에멀젼,0,,,,,,
lotion_emulsion,18,시드물울트라 수분 로션 [무향],4.2,7881,시드물울트라 수분 로션 [무향],0,,,,,,
lotion_emulsion,19,제로이드수딩 로션,4.27,2532,제로이드수딩 로션,1,제로이드,제로이드 수딩 로션 160ml,제로이드제로이드 수딩 로션 160ml,30000.0,30000.0,0.0
lotion_emulsion,20,아토팜판테놀 로션,4.86,21,아토팜판테놀 로션,1,아토팜,아토팜 판테놀 로션 180ml,아토팜아토팜 판테놀 로션 180ml,38000.0,38000.0,0.0
lotion_emulsion,21,닥터지더모이스처 배리어.D 데일리 로션,4.36,571,닥터지더모이스처 배리어.D 데일리 로션,0,,,,,,
lotion_emulsion,22,스킨웨이비탄탄 모공 펩타노산™ 단백질 로션,4.6,429,스킨웨이비탄탄 모공 펩타노산™ 단백질 로션,0,,,,,,
lotion_emulsion,23,한율어린쑥 수분진정 플루이드,4.56,348,한율어린쑥 수분진정 플루이드,1,한율,[시카보다 4배*강한] 한율 어린쑥 수분진정 플루이드 125ml,한율[시카보다 4배*강한] 한율 어린쑥 수분진정 플루이드 125ml,32000.0,32000.0,0.0
lotion_emulsion,24,아누아어성초 77 히알루론산 수분 진정 로션,4.73,11,아누아어성초 77 히알루론산 수분 진정 로션,1,아누아,[NEW/리뉴얼] 아누아 어성초 77 히알루론산 수분 진정 로션 200ml,아누아[NEW/리뉴얼] 아누아 어성초 77 히알루론산 수분 진정 로션 200ml,28000.0,21900.0,21.8
lotion_emulsion,25,에스트라아토베리어 로션,4.73,291,에스트라아토베리어 로션,1,에스트라,에스트라 아토베리어365 로션 150ml 기획 (하이드로에센스 25ml+세라-히알 앰플 7ml),에스트라에스트라 아토베리어365 로션 150ml 기획 (하이드로에센스 25ml+세라-히알 앰플 7ml),33000.0,29700.0,10.0
lotion_emulsion,26,세라베라아토 판테놀 로션,4.74,458,세라베라아토 판테놀 로션,0,,,,,,
lotion_emulsion,27,바론시에엑토인 로션,4.63,458,바론시에엑토인 로션,0,,,,,,
lotion_emulsion,28,제로이드인텐시브 로션,4.34,1146,제로이드인텐시브 로션,1,제로이드,제로이드 인텐시브 로션 160ml 기획 (+크림 토너 25ml),제로이드제로이드 인텐시브 로션 160ml 기획 (+크림 토너 25ml),32000.0,28800.0,10.0
lotion_emulsion,29,와더스킨브리즈 에센스 플루이드 로션,4.53,62,와더스킨브리즈 에센스 플루이드 로션,0,,,,,,
lotion_emulsion,30,닥터지레드 블레미쉬 밸런싱 에센스 플루이드,4.56,128,닥터지레드 블레미쉬 밸런싱 에센스 플루이드,0,,,,,,
lotion_emulsion,31,에스네이처블랑쉬로션,4.33,756,에스네이처블랑쉬로션,1,에스네이처,[온가족로션/탄탄장벽] 에스네이처 블랑쉬 올인원 로션 200ml,에스네이처[온가족로션/탄탄장벽] 에스네이처 블랑쉬 올인원 로션 200ml,31000.0,21000.0,32.3
lotion_emulsion,32,에뛰드순정 10무 수분 에멀전,4.41,110,에뛰드순정 10무 수분 에멀전,0,,,,,,
lotion_emulsion,33,잇츠스킨스네일 콜라겐 액티브 에멀전,4.7,43,잇츠스킨스네일 콜라겐 액티브 에멀전,0,,,,,,
lotion_emulsion,34,세타필세라마이드 리페어 로션,4.36,11,세타필세라마이드 리페어 로션,1,세타필,[크림50g증정/가려움완화] 세타필 세라마이드 리페어 로션 473ml,세타필[크림50g증정/가려움완화] 세타필 세라마이드 리페어 로션 473ml,28000.0,20900.0,25.4
lotion_emulsion,35,피지오겔레드수딩 AI 로션,4.25,1319,피지오겔레드수딩 AI 로션,1,피지오겔,피지오겔 레드수딩 AI 리페어 에센스 200ml 기획(+로션 50ml),피지오겔피지오겔 레드수딩 AI 리페어 에센스 200ml 기획(+로션 50ml),31000.0,31000.0,0.0
lotion_emulsion,36,아렌시아레드 스무디 로션 5,4.64,76,아렌시아레드 스무디 로션 5,1,아렌시아,[화잘먹] 아렌시아 레드 스무디 로션 5 200ml 기획 (+80ml 미니어처),아렌시아[화잘먹] 아렌시아 레드 스무디 로션 5 200ml 기획 (+80ml 미니어처),26000.0,23400.0,10.0
lotion_emulsion,37,리얼베리어익스트림 로션,4.46,318,리얼베리어익스트림 로션,0,,,,,,
lotion_emulsion,38,이니스프리비자 트러블 로션,4.16,426,이니스프리비자 트러블 로션,0,,,,,,
lotion_emulsion,39,시드물아토로션,4.16,2632,시드물아토로션,0,,,,,,
lotion_emulsion,40,뉴트로지나인텐스 리페어 시카 에멀젼 [무향],4.58,301,뉴트로지나인텐스 리페어 시카 에멀젼 [무향],1,뉴트로지나,[가려움개선] 뉴트로지나 인텐스 리페어 시카 에멀젼 450ml,뉴트로지나[가려움개선] 뉴트로지나 인텐스 리페어 시카 에멀젼 450ml,29900.0,29900.0,0.0
lotion_emulsion,41,엠디스픽무향 바리스타 리페어 페이스 앤 바디로션,4.63,290,엠디스픽무향 바리스타 리페어 페이스 앤 바디로션,0,,,,,,
lotion_emulsion,42,마녀공장비피다 바이옴 앰플 로션,4.38,783,마녀공장비피다 바이옴 앰플 로션,1,마녀공장,[토너&로션] 마녀공장 비피다 바이옴 앰플 토너 300ml + 비피다 앰플 로션 300ml 2종 세트,마녀공장[토너&로션] 마녀공장 비피다 바이옴 앰플 토너 300ml + 비피다 앰플 로션 300ml 2종 세트,35000.0,29900.0,14.6
lotion_emulsion,43,수이스킨어린 새싹 수분 밸런싱 로션,4.54,147,수이스킨어린 새싹 수분 밸런싱 로션,0,,,,,,
lotion_emulsion,44,이니스프리블루베리 리밸런싱 로션,4.6,20,이니스프리블루베리 리밸런싱 로션,0,,,,,,
lotion_emulsion,45,일소데일리 모이스처 로션,4.59,188,일소데일리 모이스처 로션,1,일소,[수분급속충전] 일소 데일리 모이스처 소프트닝 로션 150ml,일소[수분급속충전] 일소 데일리 모이스처 소프트닝 로션 150ml,23000.0,22000.0,4.3
lotion_emulsion,46,닥터지블랙 스네일 에멀전,4.54,39,닥터지블랙 스네일 에멀전,1,닥터지,[증정기획/선물세트] 닥터지 블랙스네일 옴므 프레스티지 3종 세트 (토너150ml+에멀전150ml+클렌징폼70ml),닥터지[증정기획/선물세트] 닥터지 블랙스네일 옴므 프레스티지 3종 세트 (토너150ml+에멀전150ml+클렌징폼70ml),34000.0,34000.0,0.0
lotion_emulsion,47,벨프리모아토 로션,4.57,431,벨프리모아토 로션,1,벨프리모,[장벽/진정] 벨프리모 히알 베리어 아토 로션 200ml,벨프리모[장벽/진정] 벨프리모 히알 베리어 아토 로션 200ml,32100.0,32100.0,0.0
lotion_emulsion,48,트리마이제주 말차 로우 피에이치 수딩 에멀전 크림,4.43,516,트리마이제주 말차 로우 피에이치 수딩 에멀전 크림,0,,,,,,
lotion_emulsion,49,이노앙수딩 젤 로션,4.59,413,이노앙수딩 젤 로션,0,,,,,,
lotion_emulsion,50,토니모리원더 세라마이드 모찌 에멀전,4.43,49,토니모리원더 세라마이드 모찌 에멀전,1,토니모리,토니모리 원더 세라마이드 모찌 에멀전 300ml,토니모리토니모리 원더 세라마이드 모찌 에멀전 300ml,15000.0,12000.0,20.0
lotion_emulsion,51,디오디너리나이아신아마이드 5% 페이스 앤 바디 에멀전,4.42,36,디오디너리나이아신아마이드 5% 페이스 앤 바디 에멀전,1,디오디너리,[톤&결케어] 디오디너리 나이아신아마이드 5% 페이스 앤 바디 에멀전 100ml,디오디너리[톤&결케어] 디오디너리 나이아신아마이드 5% 페이스 앤 바디 에멀전 100ml,16400.0,16400.0,0.0
lotion_emulsion,52,제이준오크라 피토 뮤신 에센스 로션,4.77,31,제이준오크라 피토 뮤신 에센스 로션,0,,,,,,
lotion_emulsion,53,더랩바이블랑두올리고 히알루론산 카밍+ 로션,4.26,528,더랩바이블랑두올리고 히알루론산 카밍+ 로션,0,,,,,,
lotion_emulsion,54,달바비타 토닝 세럼 로션,4.55,112,달바비타 토닝 세럼 로션,1,달바,[미백/잡티케어] 달바 비타 토닝 세럼 로션 100ml,달바[미백/잡티케어] 달바 비타 토닝 세럼 로션 100ml,42000.0,42000.0,0.0
lotion_emulsion,55,코스알엑스오일 프리 울트라 모이스쳐라이징 로션,4.44,45,코스알엑스오일 프리 울트라 모이스쳐라이징 로션,1,코스알엑스,코스알엑스 오일-프리 울트라 모이스쳐라이징 로션 100ml,코스알엑스코스알엑스 오일-프리 울트라 모이스쳐라이징 로션 100ml,19000.0,19000.0,0.0
lotion_emulsion,56,헤라시그니아 에센셜 밸런싱 에멀젼,4.86,21,헤라시그니아 에센셜 밸런싱 에멀젼,0,,,,,,
lotion_emulsion,57,시드물울트라 수분 로션 [주니퍼향],4.64,22,시드물울트라 수분 로션 [주니퍼향],0,,,,,,
lotion_emulsion,58,온그리디언츠스킨 베리어 카밍 로션 EX,4.26,84,온그리디언츠스킨 베리어 카밍 로션 EX,0,,,,,,
lotion_emulsion,59,디오디너리그랜액티브 레티노이드 2％ 에멀전,4.59,39,디오디너리그랜액티브 레티노이드 2％ 에멀전,1,디오디너리,[차세대레티놀] 디오디너리 그랜액티브 레티노이드 2% 에멀전 30ml,디오디너리[차세대레티놀] 디오디너리 그랜액티브 레티노이드 2% 에멀전 30ml,18400.0,18400.0,0.0
lotion_emulsion,60,딕셔니스트아미노산 로션,4.58,223,딕셔니스트아미노산 로션,0,,,,,,
lotion_emulsion,61,이니스프리그린티 히알루론산 로션,3.99,294,이니스프리그린티 히알루론산 로션,0,,,,,,
lotion_emulsion,62,닥터자르트세라마이딘™ 스킨 베리어 모이스처라이징 밀키 로션,4.5,16,닥터자르트세라마이딘™ 스킨 베리어 모이스처라이징 밀키 로션,1,닥터자르트,[72시간보습로션] 닥터자르트 세라마이딘 스킨 베리어 모이스처라이징 밀키 로션 50ml,닥터자르트[72시간보습로션] 닥터자르트 세라마이딘 스킨 베리어 모이스처라이징 밀키 로션 50ml,50000.0,50000.0,0.0
lotion_emulsion,63,더순수AC 컨트롤 로션,4.61,44,더순수AC 컨트롤 로션,0,,,,,,
lotion_emulsion,64,오울루버치 아토 모이스처 로션,4.66,874,오울루버치 아토 모이스처 로션,1,오울루,버치 아토 모이스처 로션,오울루버치 아토 모이스처 로션,40000.0,29200.0,27.0
lotion_emulsion,65,바세린인텐시브 케어 센서티브 릴리프 로션,4.7,10,바세린인텐시브 케어 센서티브 릴리프 로션,0,,,,,,
lotion_emulsion,66,싸이닉히아루론산 로션,4.23,115,싸이닉히아루론산 로션,0,,,,,,
lotion_emulsion,67,아누아복숭아 77 나이아신 컨디셔닝 밀크,4.31,45,아누아복숭아 77 나이아신 컨디셔닝 밀크,1,아누아,아누아 복숭아 77 나이아신 컨디셔닝 밀크 150ml,아누아아누아 복숭아 77 나이아신 컨디셔닝 밀크 150ml,27000.0,21600.0,20.0
lotion_emulsion,68,세라비(해외) 데일리 모이스처라이징 로션,4.37,120,세라비(해외) 데일리 모이스처라이징 로션,0,,,,,,
lotion_emulsion,69,이즈앤트리알로에 수딩 에멀전,4.04,179,이즈앤트리알로에 수딩 에멀전,0,,,,,,
lotion_emulsion,70,하다라보프리미엄 하이드레이팅 로션,4.57,14,하다라보프리미엄 하이드레이팅 로션,0,,,,,,
lotion_emulsion,71,무인양품보습충전 로션,4.1,10,무인양품보습충전 로션,0,,,,,,
lotion_emulsion,72,바이오가밀크 프로틴 로션,4.32,75,바이오가밀크 프로틴 로션,0,,,,,,
lotion_emulsion,73,락토덤피부에 유익한 생보습 바디로션,4.45,49,락토덤피부에 유익한 생보습 바디로션,1,락토덤,락토덤 피부에 유익한 생보습 바디로션 500ml,락토덤락토덤 피부에 유익한 생보습 바디로션 500ml,25000.0,12900.0,48.4
lotion_emulsion,74,닥터자르트시카페어™ 인텐시브 수딩 리페어 밀키 로션,4.4,10,닥터자르트시카페어™ 인텐시브 수딩 리페어 밀키 로션,0,,,,,,
lotion_emulsion,75,아벤느트릭세라 로션,4.2,200,아벤느트릭세라 로션,0,,,,,,
lotion_emulsion,76,유아른비건 올인원 로션,4.57,141,유아른비건 올인원 로션,0,,,,,,
lotion_emulsion,77,폴라초이스10% 아하 각질제거 바디로션,4.3,338,폴라초이스10% 아하 각질제거 바디로션,1,폴라초이스,폴라초이스 10% 아하 각질제거 바디로션 210ml,폴라초이스폴라초이스 10% 아하 각질제거 바디로션 210ml,49000.0,39200.0,20.0
lotion_emulsion,78,마녀공장갈락토미 모이스처 로션,4.3,79,마녀공장갈락토미 모이스처 로션,0,,,,,,
lotion_emulsion,79,프리메라오가니언스 베리어 리페어 하이드레이션 크림 에멀젼,4.43,49,프리메라오가니언스 베리어 리페어 하이드레이션 크림 에멀젼,0,,,,,,
lotion_emulsion,80,하다라보고쿠쥰 밀크,4.35,289,하다라보고쿠쥰 밀크,1,하다라보,하다라보 고쿠쥰 프리미엄 로션&밀크 기획,하다라보하다라보 고쿠쥰 프리미엄 로션&밀크 기획,34000.0,34000.0,0.0
lotion_emulsion,81,라네즈워터뱅크 블루 히알루로닉 에멀젼 [지·복합용],4.63,19,라네즈워터뱅크 블루 히알루로닉 에멀젼 [지·복합용],0,,,,,,
lotion_emulsion,82,이니스프리블랙티 유스 인핸싱 로션,4.43,102,이니스프리블랙티 유스 인핸싱 로션,0,,,,,,
lotion_emulsion,83,스킨아이AC퓨어 에센셜 로션,4.71,97,스킨아이AC퓨어 에센셜 로션,0,,,,,,
lotion_emulsion,84,에뛰드수분가득 콜라겐 에멀전,4.46,453,에뛰드수분가득 콜라겐 에멀전,0,,,,,,
lotion_emulsion,85,헤라하이드로 리플렉팅 플루이드,4.68,22,헤라하이드로 리플렉팅 플루이드,1,헤라,헤라 하이드로 리플렉팅 플루이드 140ml,헤라헤라 하이드로 리플렉팅 플루이드 140ml,58000.0,45940.0,20.8
lotion_emulsion,86,시드물웰빙 녹차 판테놀 로션,4.43,14,시드물웰빙 녹차 판테놀 로션,0,,,,,,
lotion_emulsion,87,닥터지레드 블레미쉬 클리어 수딩 에멀전,4.57,49,닥터지레드 블레미쉬 클리어 수딩 에멀전,0,,,,,,
lotion_emulsion,88,시드물닥터트럽 마일드 로션,3.85,275,시드물닥터트럽 마일드 로션,0,,,,,,
lotion_emulsion,89,투데이위드소프트 모이스쳐 판테놀 5% 에센스 로션,4.45,20,투데이위드소프트 모이스쳐 판테놀 5% 에센스 로션,0,,,,,,
lotion_emulsion,90,피지오겔프로 리스토어링 로션,4.53,72,피지오겔프로 리스토어링 로션,0,,,,,,
lotion_emulsion,91,셀퓨전씨엑스퍼트배리덤 인텐시브 로션,4.44,18,셀퓨전씨엑스퍼트배리덤 인텐시브 로션,0,,,,,,
lotion_emulsion,92,시슬리에뮐씨옹 에꼴로지끄 어드밴스드 포뮬라,4.27,96,시슬리에뮐씨옹 에꼴로지끄 어드밴스드 포뮬라,0,,,,,,
lotion_emulsion,93,마몽드프로바이오틱스 세라마이드 에멀전,4.46,63,마몽드프로바이오틱스 세라마이드 에멀전,1,마몽드,[보습장벽] 마몽드 프로바이오틱스 세라마이드 에멀젼 150ml,마몽드[보습장벽] 마몽드 프로바이오틱스 세라마이드 에멀젼 150ml,26000.0,26000.0,0.0
lotion_emulsion,94,아이보들로션,4.56,25,아이보들로션,0,,,,,,
lotion_emulsion,95,세라비(해외) PM 페이셜 모이스처라이징 로션,4.26,360,세라비(해외) PM 페이셜 모이스처라이징 로션,0,,,,,,
lotion_emulsion,96,닥터바이오센시티브 로션 앤 오일,4.54,13,닥터바이오센시티브 로션 앤 오일,1,닥터바이오,닥터바이오 센시티브 리페어 로션 앤 오일 250g,닥터바이오닥터바이오 센시티브 리페어 로션 앤 오일 250g,20900.0,20900.0,0.0
lotion_emulsion,97,피캄카토 수딩 로션,4.16,19,피캄카토 수딩 로션,0,,,,,,
lotion_emulsion,98,아이오페슈퍼바이탈 에멀젼,4.41,22,아이오페슈퍼바이탈 에멀젼,0,,,,,,
lotion_emulsion,99,팜트리데일리케어 로션 [플로럴그린],4.7,23,팜트리데일리케어 로션 [플로럴그린],0,,,,,,
lotion_emulsion,100,셀브릭스킨릴리프 로션,4.68,47,셀브릭스킨릴리프 로션,0,,,,,,
serum_ampoule,1,토리든다이브인 저분자 히알루론산 세럼,4.61,82723,토리든다이브인 저분자 히알루론산 세럼,1,토리든,[NEW/1등수분세럼] 토리든 다이브인 저분자 히알루론산 세럼 50ml 리필 기획(+리필 50ml),토리든[NEW/1등수분세럼] 토리든 다이브인 저분자 히알루론산 세럼 50ml 리필 기획(+리필 50ml),36000.0,27000.0,25.0
serum_ampoule,2,아누아PDRN 히알루론산 캡슐 100 세럼,4.61,11967,아누아PDRN 히알루론산 캡슐 100 세럼,1,아누아,[6월 올영픽/한정기획] 아누아 피디알엔 히알루론산 캡슐 100 세럼 30ml 더블기획 (+피디알엔 마스크 1매),아누아[6월 올영픽/한정기획] 아누아 피디알엔 히알루론산 캡슐 100 세럼 30ml 더블기획 (+피디알엔 마스크 1매),57500.0,27000.0,53.0
serum_ampoule,3,웰라쥬리얼 히알루로닉 블루 100 앰플,4.66,32864,웰라쥬리얼 히알루로닉 블루 100 앰플,1,웰라쥬,[속건조필수템] 웰라쥬 리얼 히알루로닉 블루 100 앰플 75ml 2입 기획,웰라쥬[속건조필수템] 웰라쥬 리얼 히알루로닉 블루 100 앰플 75ml 2입 기획,50000.0,29500.0,41.0
serum_ampoule,4,레이어랩니오좀 판테놀 5% 세럼,4.64,1089,레이어랩니오좀 판테놀 5% 세럼,1,레이어랩,[1+1/급속진정 장벽개선] 레이어랩 니오좀 판테놀 5% 세럼 30ml+30ml 더블 기획,레이어랩[1+1/급속진정 장벽개선] 레이어랩 니오좀 판테놀 5% 세럼 30ml+30ml 더블 기획,52000.0,37900.0,27.1
serum_ampoule,5,아비브히알루로닉 붐 세럼 워터 드롭,4.57,1037,아비브히알루로닉 붐 세럼 워터 드롭,1,아비브,아비브 히알루로닉 붐 세럼 워터드롭 50ml,아비브아비브 히알루로닉 붐 세럼 워터드롭 50ml,32000.0,32000.0,0.0
serum_ampoule,6,에스네이처아쿠아 스쿠알란 세럼,4.71,11268,에스네이처아쿠아 스쿠알란 세럼,1,에스네이처,[1등 화잘먹 물먹세럼] 에스네이처 아쿠아 스쿠알란 세럼 50ml 기획 (+50ml 리필 +수분크림 10ml),에스네이처[1등 화잘먹 물먹세럼] 에스네이처 아쿠아 스쿠알란 세럼 50ml 기획 (+50ml 리필 +수분크림 10ml),35000.0,21760.0,37.8
serum_ampoule,7,이니스프리레티놀 시카 흔적 앰플,4.42,6393,이니스프리레티놀 시카 흔적 앰플,1,이니스프리,[1+1/깐달걀피부결] 이니스프리 레티놀 시카 흔적 앰플 30ml 더블 기획,이니스프리[1+1/깐달걀피부결] 이니스프리 레티놀 시카 흔적 앰플 30ml 더블 기획,52000.0,27560.0,47.0
serum_ampoule,8,메디큐브제로 모공 원데이 펩타이드 세럼,4.57,993,메디큐브제로 모공 원데이 펩타이드 세럼,1,메디큐브,[6월올영픽/모공탄력]메디큐브 제로 모공 원데이 펩타이드 세럼 한교동 리필기획 (본품+리필팩50ml+한교동 거울키링),메디큐브[6월올영픽/모공탄력]메디큐브 제로 모공 원데이 펩타이드 세럼 한교동 리필기획 (본품+리필팩50ml+한교동 거울키링),46000.0,24450.0,46.8
serum_ampoule,9,라보레브피치마이크로바이옴 84 이지에프 세럼,4.49,2530,라보레브피치마이크로바이옴 84 이지에프 세럼,0,,,,,,
serum_ampoule,10,앰플엔세라마이드샷 앰플,4.53,9655,앰플엔세라마이드샷 앰플,1,앰플엔,[재구매1위] 앰플엔 세라마이드샷 화잘먹 보습장벽앰플 100ml기획(+10ml),앰플엔[재구매1위] 앰플엔 세라마이드샷 화잘먹 보습장벽앰플 100ml기획(+10ml),18900.0,17000.0,10.1
serum_ampoule,11,라셀틱스스킨 리커버리 펩타톡스 앰플,4.6,1209,라셀틱스스킨 리커버리 펩타톡스 앰플,0,,,,,,
serum_ampoule,12,메디힐마데카소사이드 흔적 리페어 세럼,4.36,8855,메디힐마데카소사이드 흔적 리페어 세럼,1,메디힐,[6월 올영픽/한정기획] 메디힐 마데카소사이드 흔적 리페어 세럼 40+40mL (+랩핑 세럼 마스크 2매),메디힐[6월 올영픽/한정기획] 메디힐 마데카소사이드 흔적 리페어 세럼 40+40mL (+랩핑 세럼 마스크 2매),36900.0,21900.0,40.7
serum_ampoule,13,네이처리퍼블릭루트베리어 리페어 세럼,4.47,982,네이처리퍼블릭루트베리어 리페어 세럼,0,,,,,,
serum_ampoule,14,에스네이처아쿠아 콜라겐 펩타이드 트리플 젤 에센스,4.64,18611,에스네이처아쿠아 콜라겐 펩타이드 트리플 젤 에센스,0,,,,,,
serum_ampoule,15,메디힐피디알엔 모공 탄력 세럼,4.52,2126,메디힐피디알엔 모공 탄력 세럼,1,메디힐,[장도연 PICK] 메디힐 PDRN 모공 탄력 세럼 40+40ml 더블 기획,메디힐[장도연 PICK] 메디힐 PDRN 모공 탄력 세럼 40+40ml 더블 기획,36900.0,22900.0,37.9
serum_ampoule,16,쓰리노프데일리 컨셔스 세럼,4.62,2179,쓰리노프데일리 컨셔스 세럼,0,,,,,,
serum_ampoule,17,코스알엑스더 6 펩타이드 스킨 부스터 세럼,4.64,4333,코스알엑스더 6 펩타이드 스킨 부스터 세럼,1,코스알엑스,[속보습]코스알엑스 더 6 펩타이드 스킨 부스터 세럼 더블기획,코스알엑스[속보습]코스알엑스 더 6 펩타이드 스킨 부스터 세럼 더블기획,46000.0,29900.0,35.0
serum_ampoule,18,에스트라아토베리어365 하이드로 에센스,4.63,2867,에스트라아토베리어365 하이드로 에센스,1,에스트라,에스트라 아토베리어365 하이드로에센스 200ml (+크림 10ml+앰플 10ml),에스트라에스트라 아토베리어365 하이드로에센스 200ml (+크림 10ml+앰플 10ml),32000.0,28800.0,10.0
serum_ampoule,19,파티온노스카나인 트러블 세럼,4.51,10266,파티온노스카나인 트러블 세럼,1,파티온,[6월 올영픽/대용량] 파티온 노스카나인 트러블 세럼 50ml 리필 기획(+리필40ml+크림10ml),파티온[6월 올영픽/대용량] 파티온 노스카나인 트러블 세럼 50ml 리필 기획(+리필40ml+크림10ml),54000.0,32300.0,40.2
serum_ampoule,20,토리든밸런스풀 시카 진정 세럼,4.63,6997,토리든밸런스풀 시카 진정 세럼,1,토리든,[6월 올영픽/단독기획] 토리든 밸런스풀 시카 진정 크림 80ml 기획(+세럼10ml+패드10매),토리든[6월 올영픽/단독기획] 토리든 밸런스풀 시카 진정 크림 80ml 기획(+세럼10ml+패드10매),24000.0,16600.0,30.8
serum_ampoule,21,에스네이처화이트 글로우 앰플,4.56,3672,에스네이처화이트 글로우 앰플,0,,,,,,
serum_ampoule,22,프리메이진정한 수분세럼,4.69,667,프리메이진정한 수분세럼,1,프리메이,[2중보습/수분진정] 프리메이 진정한 수분 세럼 50ml (+진정한 수분 크림 30ml),프리메이[2중보습/수분진정] 프리메이 진정한 수분 세럼 50ml (+진정한 수분 크림 30ml),14000.0,11900.0,15.0
serum_ampoule,23,셀라딕스트러블 세범 리밸런싱 131 앰플,4.32,3299,셀라딕스트러블 세범 리밸런싱 131 앰플,1,셀라딕스,[6월올영픽/한정수량] 셀라딕스 트러블 세범 리밸런싱 131 앰플 30ml 기획 (+리필 10ml),셀라딕스[6월올영픽/한정수량] 셀라딕스 트러블 세범 리밸런싱 131 앰플 30ml 기획 (+리필 10ml),28900.0,24900.0,13.8
serum_ampoule,24,비플레인시카테롤 앰플,4.61,8777,비플레인시카테롤 앰플,1,비플레인,[트러블케어/리필기획] 비플레인 시카테롤 앰플 30ml 리필기획 (+리필 31ml),비플레인[트러블케어/리필기획] 비플레인 시카테롤 앰플 30ml 리필기획 (+리필 31ml),26000.0,20800.0,20.0
serum_ampoule,25,스킨앤랩베리어덤 링거 앰플,4.64,3086,스킨앤랩베리어덤 링거 앰플,1,스킨앤랩,[올영단독] 스킨앤랩 베리어덤 링거 앰플70ml(+70ml) 더블기획,스킨앤랩[올영단독] 스킨앤랩 베리어덤 링거 앰플70ml(+70ml) 더블기획,40000.0,28000.0,30.0
serum_ampoule,26,아렌시아레드 스무디 세럼 30,4.37,2249,아렌시아레드 스무디 세럼 30,1,아렌시아,[화잘먹/모공탄력] 아렌시아 젤리세럼 레드 스무디 세럼 30 50g 기획 (+20g),아렌시아[화잘먹/모공탄력] 아렌시아 젤리세럼 레드 스무디 세럼 30 50g 기획 (+20g),42000.0,42000.0,0.0
serum_ampoule,27,린제이엄청 큰 멀티 앰플 [보습],4.51,2616,린제이엄청 큰 멀티 앰플 [보습],1,린제이,린제이 엄청 큰 보습 멀티 앰플 (500ml),린제이린제이 엄청 큰 보습 멀티 앰플 (500ml),9900.0,9900.0,0.0
serum_ampoule,28,비플레인녹두 모공 타이트업 세럼,4.46,5091,비플레인녹두 모공 타이트업 세럼,1,비플레인,[30ml 본품증정/총80ml] 비플레인 녹두 모공 타이트업 세럼 50ml 기획 (+30ml),비플레인[30ml 본품증정/총80ml] 비플레인 녹두 모공 타이트업 세럼 50ml 기획 (+30ml),34000.0,24900.0,26.8
serum_ampoule,29,더마토리나이아샷 플러스 IPMP 트러블 블랙 세럼,4.52,393,더마토리나이아샷 플러스 IPMP 트러블 블랙 세럼,0,,,,,,
serum_ampoule,30,에이에스씨이플러스카밍앰플 프로,4.54,595,에이에스씨이플러스카밍앰플 프로,0,,,,,,
serum_ampoule,31,라운드랩소나무 진정 시카 앰플,4.47,6921,라운드랩소나무 진정 시카 앰플,1,라운드랩,[6월올영픽/최초트리플] 라운드랩 소나무 진정 시카 앰플 30ml 트리플 기획,라운드랩[6월올영픽/최초트리플] 라운드랩 소나무 진정 시카 앰플 30ml 트리플 기획,49900.0,25900.0,48.1
serum_ampoule,32,더마팩토리나이아신아마이드 20% 세럼,4.47,369,더마팩토리나이아신아마이드 20% 세럼,1,더마팩토리,더마팩토리 나이아신아마이드 20% 세럼 30ml,더마팩토리더마팩토리 나이아신아마이드 20% 세럼 30ml,6000.0,6000.0,0.0
serum_ampoule,33,메디힐티트리 진정 수분 앰플,4.61,5758,메디힐티트리 진정 수분 앰플,1,메디힐,메디힐 티트리 진정 수분 세럼 40ml,메디힐메디힐 티트리 진정 수분 세럼 40ml,22000.0,14600.0,33.6
serum_ampoule,34,리더스PDRN 5% 액티브 앰플,4.63,782,리더스PDRN 5% 액티브 앰플,0,,,,,,
serum_ampoule,35,비플레인시카 PDRN 스킨 부스터 세럼,4.56,1432,비플레인시카 PDRN 스킨 부스터 세럼,0,,,,,,
serum_ampoule,36,팔색미인5D 히알루론산 세럼,4.58,583,팔색미인5D 히알루론산 세럼,0,,,,,,
serum_ampoule,37,마몽드카밍 샷 아줄렌 흔적 수분 앰플,4.41,1592,마몽드카밍 샷 아줄렌 흔적 수분 앰플,1,마몽드,[화해1등/100ml대용량] 마몽드 카밍샷 아줄렌 흔적수분앰플 50ml 더블기획,마몽드[화해1등/100ml대용량] 마몽드 카밍샷 아줄렌 흔적수분앰플 50ml 더블기획,36000.0,36000.0,0.0
serum_ampoule,38,믹순히알레배 포어 버블 세럼,4.49,658,믹순히알레배 포어 버블 세럼,1,믹순,[올리브영 한정기획] 믹순 히알레배 포어 버블 세럼 70ml 기획 (+늘어나는 쫀득솜 35매),믹순[올리브영 한정기획] 믹순 히알레배 포어 버블 세럼 70ml 기획 (+늘어나는 쫀득솜 35매),14900.0,9900.0,33.6
serum_ampoule,39,웰라쥬리얼 시카 카밍 95 트러블 앰플,4.6,3121,웰라쥬리얼 시카 카밍 95 트러블 앰플,1,웰라쥬,[화해1위/트러블] 웰라쥬 리얼 시카 카밍 95 트러블 앰플 50ml,웰라쥬[화해1위/트러블] 웰라쥬 리얼 시카 카밍 95 트러블 앰플 50ml,24000.0,24000.0,0.0
serum_ampoule,40,에센시엘하이드라 포르테 앰플,4.41,840,에센시엘하이드라 포르테 앰플,0,,,,,,
serum_ampoule,41,넘버즈인1번 판토텐산 액티브업 수딩세럼,4.33,1297,넘버즈인1번 판토텐산 액티브업 수딩세럼,1,넘버즈인,[수분진정] 넘버즈인 1번 판토텐산 액티브업 수딩세럼 50ml 리필기획 (50ml+50ml),넘버즈인[수분진정] 넘버즈인 1번 판토텐산 액티브업 수딩세럼 50ml 리필기획 (50ml+50ml),38000.0,23800.0,37.4
serum_ampoule,42,토리든밸런스풀 시카 컨트롤 세럼,4.35,889,토리든밸런스풀 시카 컨트롤 세럼,1,토리든,[6월올영픽/코르티스PICK] 토리든 밸런스풀 시카 컨트롤 세럼 50ml 더블기획 (+20ml),토리든[6월올영픽/코르티스PICK] 토리든 밸런스풀 시카 컨트롤 세럼 50ml 더블기획 (+20ml),34000.0,20800.0,38.8
serum_ampoule,43,다자연어성초 케어 세럼,4.55,12605,다자연어성초 케어 세럼,0,,,,,,
serum_ampoule,44,아비브어성초 테카 캡슐 세럼 카밍 드롭,4.28,1217,아비브어성초 테카 캡슐 세럼 카밍 드롭,1,아비브,아비브 어성초 테카 캡슐 세럼 카밍 드롭 50ml 더블 기획,아비브아비브 어성초 테카 캡슐 세럼 카밍 드롭 50ml 더블 기획,48000.0,28310.0,41.0
serum_ampoule,45,아누아어성초 80 수분 진정 앰플,4.43,553,아누아어성초 80 수분 진정 앰플,0,,,,,,
serum_ampoule,46,딕셔니스트아미노산 앰플,4.6,4794,딕셔니스트아미노산 앰플,1,딕셔니스트,[쏙수분앰플] 딕셔니스트 아미노산 앰플 30ml *,딕셔니스트[쏙수분앰플] 딕셔니스트 아미노산 앰플 30ml *,38000.0,24700.0,35.0
serum_ampoule,47,마녀공장비피다 바이옴 콤플렉스 앰플,4.56,3191,마녀공장비피다 바이옴 콤플렉스 앰플,1,마녀공장,[장벽부스터/더블기획] 마녀공장 비피다 바이옴 콤플렉스 앰플 30ml 2입 기획,마녀공장[장벽부스터/더블기획] 마녀공장 비피다 바이옴 콤플렉스 앰플 30ml 2입 기획,43000.0,26900.0,37.4
serum_ampoule,48,글로우풀시카 바하 카밍 세럼,4.45,596,글로우풀시카 바하 카밍 세럼,0,,,,,,
serum_ampoule,49,로포에베러 밸런스 앰플,4.65,1304,로포에베러 밸런스 앰플,0,,,,,,
serum_ampoule,50,토리든셀메이징 비타C 브라이트닝 앰플,4.56,1227,토리든셀메이징 비타C 브라이트닝 앰플,1,토리든,토리든 셀메이징 비타C 브라이트닝 앰플 30ml 기획 (+10ml),토리든토리든 셀메이징 비타C 브라이트닝 앰플 30ml 기획 (+10ml),26000.0,18200.0,30.0
serum_ampoule,51,리브엠엑소코어 텐션 앰플 [워터풀],4.57,3458,리브엠엑소코어 텐션 앰플 [워터풀],0,,,,,,
serum_ampoule,52,토코보시카 카밍 세럼,4.66,1953,토코보시카 카밍 세럼,1,토코보,[진정선세럼/저자극] 토코보 시카 카밍 선세럼 50mL SPF50+ PA++++,토코보[진정선세럼/저자극] 토코보 시카 카밍 선세럼 50mL SPF50+ PA++++,24000.0,16800.0,30.0
serum_ampoule,53,잇츠스킨파워10 감초줄렌 이펙터 [수분진정],4.58,3299,잇츠스킨파워10 감초줄렌 이펙터 [수분진정],1,잇츠스킨,잇츠스킨 파워 10 포뮬라 엘아이 이펙터 감초줄렌 30ml(AD),잇츠스킨잇츠스킨 파워 10 포뮬라 엘아이 이펙터 감초줄렌 30ml(AD),15400.0,10780.0,30.0
serum_ampoule,54,코스알엑스더 나이아신아마이드 15 세럼,4.55,995,코스알엑스더 나이아신아마이드 15 세럼,1,코스알엑스,[트러블피지완화] 코스알엑스 더 나이아신아마이드 15 세럼 20ml,코스알엑스[트러블피지완화] 코스알엑스 더 나이아신아마이드 15 세럼 20ml,23000.0,19500.0,15.2
serum_ampoule,55,브링그린징크테카 트러블 세럼,4.27,4453,브링그린징크테카 트러블 세럼,1,브링그린,[3일진정세럼]브링그린 징크테카 트러블 세럼 (대용량/기획),브링그린[3일진정세럼]브링그린 징크테카 트러블 세럼 (대용량/기획),39600.0,23600.0,40.4
serum_ampoule,56,라운드랩자작나무 수분 앰플,4.59,1348,라운드랩자작나무 수분 앰플,1,라운드랩,[속수분앰플] 라운드랩 자작나무 수분 앰플 50ml 기획 (+크림 20ml),라운드랩[속수분앰플] 라운드랩 자작나무 수분 앰플 50ml 기획 (+크림 20ml),28000.0,19600.0,30.0
serum_ampoule,57,오어스히알루론시카 7초 세럼 인 앰플,4.59,632,오어스히알루론시카 7초 세럼 인 앰플,1,오어스,"[부루부루도그 콜라보] 오어스 히알루론시카 7초 세럼 인 앰플 105ml 기획 (+애착베개키링,치크팩2p)","오어스[부루부루도그 콜라보] 오어스 히알루론시카 7초 세럼 인 앰플 105ml 기획 (+애착베개키링,치크팩2p)",27000.0,21600.0,20.0
serum_ampoule,58,이니스프리레티놀 PDRN 스킨부스터 앰플,4.57,643,이니스프리레티놀 PDRN 스킨부스터 앰플,1,이니스프리,[쫀득속광] 이니스프리 레티놀 그린티 PDRN 앰플 25ml 기획 (+20ml + 시카 앰플 5ml),이니스프리[쫀득속광] 이니스프리 레티놀 그린티 PDRN 앰플 25ml 기획 (+20ml + 시카 앰플 5ml),40000.0,28300.0,29.2
serum_ampoule,59,에스트라아토베리어365 세라-히알 속수분 앰플,4.48,487,에스트라아토베리어365 세라-히알 속수분 앰플,1,에스트라,[수분앰플] 에스트라 아토베리어365 세라-히알 속수분 앰플 30ml,에스트라[수분앰플] 에스트라 아토베리어365 세라-히알 속수분 앰플 30ml,33000.0,33000.0,0.0
serum_ampoule,60,성분에디터그린토마토 NMN 포어 리프팅 앰플,4.3,378,성분에디터그린토마토 NMN 포어 리프팅 앰플,1,성분에디터,[산리오 콜라보/1등모공앰플] 성분에디터 그린토마토 NMN 포어 리프팅 앰플 40ml 더블 기획 (+산리오 빗거울),성분에디터[산리오 콜라보/1등모공앰플] 성분에디터 그린토마토 NMN 포어 리프팅 앰플 40ml 더블 기획 (+산리오 빗거울),36000.0,22900.0,36.4
serum_ampoule,61,넘버즈인5번 글루타치온C 흔적 앰플,4.32,943,넘버즈인5번 글루타치온C 흔적 앰플,1,넘버즈인,[흔적미백] 넘버즈인 5번 글루타치온C 흔적 앰플 30ml+30ml 듀오기획,넘버즈인[흔적미백] 넘버즈인 5번 글루타치온C 흔적 앰플 30ml+30ml 듀오기획,46000.0,29400.0,36.1
serum_ampoule,62,브이티코스메틱리들샷 100,4.36,1516,브이티코스메틱리들샷 100,1,VT,[6월 올영픽/NEW][모공/피지케어]VT 리들샷 포맨 올인원 100 엠플러스 150ml 단품/기획,VT[6월 올영픽/NEW][모공/피지케어]VT 리들샷 포맨 올인원 100 엠플러스 150ml 단품/기획,23000.0,19510.0,15.2
serum_ampoule,63,주미소히알루론산 워터 플럼핑 수분 세럼,4.62,1135,주미소히알루론산 워터 플럼핑 수분 세럼,0,,,,,,
serum_ampoule,64,유이크바이옴 베리어 파하 결 앰플,4.52,1004,유이크바이옴 베리어 파하 결 앰플,0,,,,,,
serum_ampoule,65,닥터트웬티프로젝트나인 세럼,4.57,740,닥터트웬티프로젝트나인 세럼,0,,,,,,
serum_ampoule,66,파넬시카마누 92세럼,4.28,1039,파넬시카마누 92세럼,1,파넬,[1등 진정세럼] 파넬 시카마누 92세럼 30ml 리필기획(+30ml 리필+15ml),파넬[1등 진정세럼] 파넬 시카마누 92세럼 30ml 리필기획(+30ml 리필+15ml),42000.0,23900.0,43.1
serum_ampoule,67,비그린무향 시카 세럼,4.56,1480,비그린무향 시카 세럼,0,,,,,,
serum_ampoule,68,아누아나이아신아마이드 10 TXA 4 다크 스팟 코렉팅 세럼,4.31,436,아누아나이아신아마이드 10 TXA 4 다크 스팟 코렉팅 세럼,0,,,,,,
serum_ampoule,69,한율어린쑥 속수분 쑥히알 세럼,4.53,402,한율어린쑥 속수분 쑥히알 세럼,1,한율,[1+1] 한율 어린쑥 속수분 쑥히알 세럼 40ml 리필 기획 (+40ml 리필),한율[1+1] 한율 어린쑥 속수분 쑥히알 세럼 40ml 리필 기획 (+40ml 리필),35000.0,35000.0,0.0
serum_ampoule,70,포레스트피톤 수분시카 세럼,4.53,2443,포레스트피톤 수분시카 세럼,1,포레스트,그린핑거 포레스트 피톤 수분시카 세럼토너 200ml,포레스트그린핑거 포레스트 피톤 수분시카 세럼토너 200ml,25000.0,17500.0,30.0
serum_ampoule,71,아페리레비 프로즌 포어 앰플,4.52,1188,아페리레비 프로즌 포어 앰플,0,,,,,,
serum_ampoule,72,밀바랩제주 용암해수 보습 앰플 에센스,4.62,847,밀바랩제주 용암해수 보습 앰플 에센스,0,,,,,,
serum_ampoule,73,이즈앤트리초저분자 히아루론산 세럼,4.64,1737,이즈앤트리초저분자 히아루론산 세럼,1,이즈앤트리,[NCT 재민PICK] 이즈앤트리 초저분자 히아루론산 세럼 50ml,이즈앤트리[NCT 재민PICK] 이즈앤트리 초저분자 히아루론산 세럼 50ml,22000.0,13900.0,36.8
serum_ampoule,74,코스알엑스더 알파-알부틴 2 디스컬러레이션 케어 세럼,4.51,599,코스알엑스더 알파-알부틴 2 디스컬러레이션 케어 세럼,0,,,,,,
serum_ampoule,75,셀리맥스노니 에너지 앰플,4.59,570,셀리맥스노니 에너지 앰플,1,셀리맥스,[속보습/속광/진정] 셀리맥스 더 리얼 노니 에너지 앰플 80ml 기획(+10ml),셀리맥스[속보습/속광/진정] 셀리맥스 더 리얼 노니 에너지 앰플 80ml 기획(+10ml),33000.0,29700.0,10.0
serum_ampoule,76,디어클레어스미드나잇 블루 유스 액티베이팅 드롭,4.49,865,디어클레어스미드나잇 블루 유스 액티베이팅 드롭,0,,,,,,
serum_ampoule,77,스킨1004마다가스카르 센텔라 앰플,4.52,481,스킨1004마다가스카르 센텔라 앰플,1,스킨1004,[누적판매 1700만]스킨1004 마다가스카르 센텔라 앰플 55ml,스킨1004[누적판매 1700만]스킨1004 마다가스카르 센텔라 앰플 55ml,18000.0,15300.0,15.0
serum_ampoule,78,브이티코스메틱피디알엔 에센스 100,4.5,247,브이티코스메틱피디알엔 에센스 100,1,VT,[모공에센스] VT 리들샷 100 에센스 50ml 기획 (+리들샷300 1ml*3개+PDRN에센스 1.5ml*3ea),VT[모공에센스] VT 리들샷 100 에센스 50ml 기획 (+리들샷300 1ml*3개+PDRN에센스 1.5ml*3ea),32000.0,22000.0,31.2
serum_ampoule,79,소미블루밍 포어 케어 앰플,4.54,714,소미블루밍 포어 케어 앰플,0,,,,,,
serum_ampoule,80,웰라쥬하이퍼 펩타이드 보툴리들 앰플,4.56,803,웰라쥬하이퍼 펩타이드 보툴리들 앰플,1,웰라쥬,[모공샷앰플] 웰라쥬 하이퍼 펩타이드 보툴리들 앰플 50ml,웰라쥬[모공샷앰플] 웰라쥬 하이퍼 펩타이드 보툴리들 앰플 50ml,32000.0,32000.0,0.0
serum_ampoule,81,더마펌펩트올로지 부스팅 앰플 레티노이드,4.42,815,더마펌펩트올로지 부스팅 앰플 레티노이드,1,더마펌,[휴닝카이PICK/모공케어] 더마펌 펩트올로지 부스팅 앰플 레티노이드 30ml 기획 (+30ml 리필),더마펌[휴닝카이PICK/모공케어] 더마펌 펩트올로지 부스팅 앰플 레티노이드 30ml 기획 (+30ml 리필),41000.0,28700.0,30.0
serum_ampoule,82,디오디너리나이아신아마이드 10％ + 징크 1％,4.1,3508,디오디너리나이아신아마이드 10％ + 징크 1％,1,디오디너리,[트러블모공] 디오디너리 나이아신아마이드 10% + 징크 1% 60ml,디오디너리[트러블모공] 디오디너리 나이아신아마이드 10% + 징크 1% 60ml,15700.0,15700.0,0.0
serum_ampoule,83,이니스프리비타민C 세럼,4.31,765,이니스프리비타민C 세럼,1,이니스프리,[1+1/파우치증정] 이니스프리 비타민C 그린티 엔자임 세럼 30ml 리필 기획 토이 스토리 5 에디션,이니스프리[1+1/파우치증정] 이니스프리 비타민C 그린티 엔자임 세럼 30ml 리필 기획 토이 스토리 5 에디션,49000.0,28910.0,41.0
serum_ampoule,84,구달청귤 비타C 잡티 케어 세럼 알파,4.27,398,구달청귤 비타C 잡티 케어 세럼 알파,1,구달,[잡티미백] 구달 청귤 비타C 잡티케어 세럼 알파 30ml 기획 (+20ml),구달[잡티미백] 구달 청귤 비타C 잡티케어 세럼 알파 30ml 기획 (+20ml),28000.0,22400.0,20.0
serum_ampoule,85,스킨푸드로열허니 프로폴리스 인리치 에센스,4.42,4304,스킨푸드로열허니 프로폴리스 인리치 에센스,0,,,,,,
serum_ampoule,86,아이오페레티놀 슈퍼바운스 세럼,4.57,373,아이오페레티놀 슈퍼바운스 세럼,1,아이오페,[자극도ZERO]아이오페 레티놀 슈퍼 바운스 세럼 20ml 기획 (+15ml),아이오페[자극도ZERO]아이오페 레티놀 슈퍼 바운스 세럼 20ml 기획 (+15ml),33000.0,33000.0,0.0
serum_ampoule,87,달바화이트 트러플 더블 세럼 앤 크림,4.72,3927,달바화이트 트러플 더블 세럼 앤 크림,1,달바,[원스텝케어/사계절맞춤] 달바 더블 세럼 앤 크림 70g,달바[원스텝케어/사계절맞춤] 달바 더블 세럼 앤 크림 70g,78000.0,78000.0,0.0
serum_ampoule,88,코스알엑스어드밴스드 더 비타민 C 23 세럼,4.45,109,코스알엑스어드밴스드 더 비타민 C 23 세럼,1,코스알엑스,[리뉴얼] 코스알엑스 어드밴스드 더 비타민C 23 세럼 20g 2입,코스알엑스[리뉴얼] 코스알엑스 어드밴스드 더 비타민C 23 세럼 20g 2입,49000.0,39900.0,18.6
serum_ampoule,89,다자연블루 아가베 포어 세럼,4.62,1678,다자연블루 아가베 포어 세럼,0,,,,,,
serum_ampoule,90,YBK핑크 글로우 듀얼 캡슐 앰플 3X,4.49,399,YBK핑크 글로우 듀얼 캡슐 앰플 3X,0,,,,,,
serum_ampoule,91,디마프히어로 마이 퍼스트 세럼 a.k.a. 만능기초,4.58,325,디마프히어로 마이 퍼스트 세럼 a.k.a. 만능기초,1,디마프,[리뷰이벤트] 디마프 히어로 마이 퍼스트 세럼 a.k.a 만능기초 155ml,디마프[리뷰이벤트] 디마프 히어로 마이 퍼스트 세럼 a.k.a 만능기초 155ml,34000.0,28900.0,15.0
serum_ampoule,92,에스트라리제덤365 모공탄력 캡슐세럼,4.55,636,에스트라리제덤365 모공탄력 캡슐세럼,1,에스트라,에스트라 리제덤365 모공탄력 캡슐세럼 30ml,에스트라에스트라 리제덤365 모공탄력 캡슐세럼 30ml,48000.0,48000.0,0.0
serum_ampoule,93,아이소이브라이트닝 카밍 스팟 세럼,4.43,168,아이소이브라이트닝 카밍 스팟 세럼,1,아이소이,[아이돌Pick/트러블흔적] 아이소이 브라이트닝 카밍 스팟 세럼 35ml 기획 (+10ml),아이소이[아이돌Pick/트러블흔적] 아이소이 브라이트닝 카밍 스팟 세럼 35ml 기획 (+10ml),24500.0,17500.0,28.6
serum_ampoule,94,토니모리원더 히알루론산 촉촉 앰플,4.46,413,토니모리원더 히알루론산 촉촉 앰플,0,,,,,,
serum_ampoule,95,듀이트리AC 딥 장벽 진정 보습 앰플,4.38,101,듀이트리AC 딥 장벽 진정 보습 앰플,1,듀이트리,[시카PDRN/장벽앰플] 듀이트리 AC 딥 장벽 진정 보습 앰플 60ml,듀이트리[시카PDRN/장벽앰플] 듀이트리 AC 딥 장벽 진정 보습 앰플 60ml,32000.0,22400.0,30.0
serum_ampoule,96,닥터나인틴포어엑스좀 레디알엔 엑소좀 앰플,4.46,1000,닥터나인틴포어엑스좀 레디알엔 엑소좀 앰플,0,,,,,,
serum_ampoule,97,에스트라에이시카365 흔적진정세럼 pH4.5,4.4,280,에스트라에이시카365 흔적진정세럼 pH4.5,0,,,,,,
serum_ampoule,98,베르가모밤부캡슐 수딩 세럼,4.57,1312,베르가모밤부캡슐 수딩 세럼,0,,,,,,
serum_ampoule,99,닥터지레드 블레미쉬 클리어 수딩 액티브 에센스,4.33,201,닥터지레드 블레미쉬 클리어 수딩 액티브 에센스,1,닥터지,[진정수분/대용량] 닥터지 레드블레미쉬 클리어 수딩 액티브 에센스 80ml,닥터지[진정수분/대용량] 닥터지 레드블레미쉬 클리어 수딩 액티브 에센스 80ml,40000.0,40000.0,0.0
serum_ampoule,100,아비브글루타치온좀 잡티 세럼 비타 드롭,4.29,262,아비브글루타치온좀 잡티 세럼 비타 드롭,1,아비브,아비브 글루타치온좀 잡티 세럼 비타 드롭 50ml 더블 기획,아비브아비브 글루타치온좀 잡티 세럼 비타 드롭 50ml 더블 기획,48000.0,29800.0,37.9
cream,1,에스트라아토베리어365 크림,4.68,17118,에스트라아토베리어365 크림,1,에스트라,[2025어워즈1위] 에스트라 아토베리어365 크림 80ml 기획 (+하이드로 에센스25ml+앰플7ml),에스트라[2025어워즈1위] 에스트라 아토베리어365 크림 80ml 기획 (+하이드로 에센스25ml+앰플7ml),33000.0,29700.0,10.0
cream,2,웰라쥬리얼 히알루로닉 수딩 크림,4.64,3722,웰라쥬리얼 히알루로닉 수딩 크림,1,웰라쥬,[카니PICK/속수분크림] 웰라쥬 리얼 히알루로닉 수딩 크림 80ml 기획(+20ml),웰라쥬[카니PICK/속수분크림] 웰라쥬 리얼 히알루로닉 수딩 크림 80ml 기획(+20ml),28000.0,17600.0,37.1
cream,3,에스네이처아쿠아 스쿠알란 수분크림,4.58,41843,에스네이처아쿠아 스쿠알란 수분크림,1,에스네이처,[1+1/1등 모공 수분천재크림] 에스네이처 아쿠아 스쿠알란 수분크림 60ml 더블기획,에스네이처[1+1/1등 모공 수분천재크림] 에스네이처 아쿠아 스쿠알란 수분크림 60ml 더블기획,43000.0,22330.0,48.1
cream,4,토리든다이브인 저분자 히알루론산 수딩 크림,4.68,26096,토리든다이브인 저분자 히알루론산 수딩 크림,1,토리든,[NEW/6월올영픽] 토리든 다이브인 저분자 히알루론산 수딩 크림 100ml 더블 기획 (크림 20ml+세럼 20ml),토리든[NEW/6월올영픽] 토리든 다이브인 저분자 히알루론산 수딩 크림 100ml 더블 기획 (크림 20ml+세럼 20ml),42000.0,28000.0,33.3
cream,5,아누아PDRN 히알루론산 100 수분 크림,4.65,4902,아누아PDRN 히알루론산 100 수분 크림,1,아누아,[6월 올영픽/한정기획] 아누아 피디알엔 히알루론산 100 수분 크림 60ml 2입 기획 (+피디알엔 토너 40ml),아누아[6월 올영픽/한정기획] 아누아 피디알엔 히알루론산 100 수분 크림 60ml 2입 기획 (+피디알엔 토너 40ml),64000.0,26600.0,58.4
cream,6,토리든다이브인 저분자 히알루론산 크림,4.61,25184,토리든다이브인 저분자 히알루론산 크림,1,토리든,[NEW/6월올영픽] 토리든 다이브인 저분자 히알루론산 수딩 크림 100ml 더블 기획 (크림 20ml+세럼 20ml),토리든[NEW/6월올영픽] 토리든 다이브인 저분자 히알루론산 수딩 크림 100ml 더블 기획 (크림 20ml+세럼 20ml),42000.0,28000.0,33.3
cream,7,비플레인녹두 모공 타이트업 수딩 크림,4.58,6027,비플레인녹두 모공 타이트업 수딩 크림,1,비플레인,[화잘먹/수딩크림] 비플레인 녹두 모공 타이트업 수딩 크림  60ml 1+1 기획,비플레인[화잘먹/수딩크림] 비플레인 녹두 모공 타이트업 수딩 크림  60ml 1+1 기획,26000.0,24700.0,5.0
cream,8,닥터지레드 블레미쉬 클리어 수딩 크림,4.39,42837,닥터지레드 블레미쉬 클리어 수딩 크림,1,닥터지,[자타입/단독기획] 닥터지 레드블레미쉬 클리어 수딩크림 EX 70ml 기획 (+30ml+세럼10ml*2ea),닥터지[자타입/단독기획] 닥터지 레드블레미쉬 클리어 수딩크림 EX 70ml 기획 (+30ml+세럼10ml*2ea),38000.0,27600.0,27.4
cream,9,닥터지레드 블레미쉬 클리어 수딩 크림 EX,4.68,43498,닥터지레드 블레미쉬 클리어 수딩 크림 EX,1,닥터지,[자타입/단독기획] 닥터지 레드블레미쉬 클리어 수딩크림 EX 70ml 기획 (+30ml+세럼10ml*2ea),닥터지[자타입/단독기획] 닥터지 레드블레미쉬 클리어 수딩크림 EX 70ml 기획 (+30ml+세럼10ml*2ea),38000.0,27600.0,27.4
cream,10,에코미니멀데일리 페이셜 크림,4.69,873,에코미니멀데일리 페이셜 크림,0,,,,,,
cream,11,셀린저더마 배리어 P 크림,4.65,1003,셀린저더마 배리어 P 크림,0,,,,,,
cream,12,아토팜판테놀 크림,4.75,1550,아토팜판테놀 크림,1,아토팜,[아이돌 대란템]아토팜 판테놀 크림 80ml 단품/기획 택1,아토팜[아이돌 대란템]아토팜 판테놀 크림 80ml 단품/기획 택1,38000.0,28500.0,25.0
cream,13,프리메이진정한 수분크림,4.59,5845,프리메이진정한 수분크림,1,프리메이,[100시간 보습 대용량]프리메이 진정한 수분 크림 100ml (+30ml+30ml),프리메이[100시간 보습 대용량]프리메이 진정한 수분 크림 100ml (+30ml+30ml),28000.0,13900.0,50.4
cream,14,라비앙엑토덤 액티브 베리어 크림,4.53,1307,라비앙엑토덤 액티브 베리어 크림,0,,,,,,
cream,15,메이크프렘인테카 수딩 크림,4.61,6814,메이크프렘인테카 수딩 크림,1,메이크프렘,[수분진정] 메이크프렘 인테카 수딩크림 50ml 기획(+크림 31ml),메이크프렘[수분진정] 메이크프렘 인테카 수딩크림 50ml 기획(+크림 31ml),24000.0,17800.0,25.8
cream,16,아이소이모이스춰 닥터 크림,4.53,3595,아이소이모이스춰 닥터 크림,1,아이소이,[망곰 콜라보] 아이소이 모이스춰 닥터 장수진 수분크림 100ml 대용량 기획 (+10ml+맥세이프 카드지갑),아이소이[망곰 콜라보] 아이소이 모이스춰 닥터 장수진 수분크림 100ml 대용량 기획 (+10ml+맥세이프 카드지갑),52000.0,28600.0,45.0
cream,17,바이오더마시카비오 크림+,4.55,941,바이오더마시카비오 크림+,1,바이오더마,바이오더마 시카비오 포마드 100ml(리페어 리치 밤),바이오더마바이오더마 시카비오 포마드 100ml(리페어 리치 밤),40000.0,31000.0,22.5
cream,18,아토팜MLE 크림,4.76,4612,아토팜MLE 크림,1,아토팜,아토팜 MLE 크림 100ml 단품/기획 택1,아토팜아토팜 MLE 크림 100ml 단품/기획 택1,32000.0,22400.0,30.0
cream,19,토리든밸런스풀 시카 진정 크림,4.59,4828,토리든밸런스풀 시카 진정 크림,1,토리든,[6월 올영픽/단독기획] 토리든 밸런스풀 시카 진정 크림 80ml 기획(+세럼10ml+패드10매),토리든[6월 올영픽/단독기획] 토리든 밸런스풀 시카 진정 크림 80ml 기획(+세럼10ml+패드10매),24000.0,16600.0,30.8
cream,20,시드물마다가스카르 리얼 수분크림,4.33,12150,시드물마다가스카르 리얼 수분크림,0,,,,,,
cream,21,쓰리노프데일리 컨셔스 크림,4.61,819,쓰리노프데일리 컨셔스 크림,0,,,,,,
cream,22,리브엠시카좀 카밍 워터 젤 크림,4.63,2632,리브엠시카좀 카밍 워터 젤 크림,1,리브엠,[화잘먹 엑소좀진정크림] 리브엠 시카좀 카밍 워터 젤크림 100ml,리브엠[화잘먹 엑소좀진정크림] 리브엠 시카좀 카밍 워터 젤크림 100ml,12900.0,11500.0,10.9
cream,23,라보레브피치마이크로바이옴 10 엑소좀 크림,4.4,774,라보레브피치마이크로바이옴 10 엑소좀 크림,0,,,,,,
cream,24,구달어성초 히알루론 수딩 크림,4.65,2188,구달어성초 히알루론 수딩 크림,1,구달,[6월 올영픽/텔레토비 콜라보] 구달 어성초 히알루론 수딩 크림 75ml 리필 기획 (+75ml) (+왕 스티커 3매),구달[6월 올영픽/텔레토비 콜라보] 구달 어성초 히알루론 수딩 크림 75ml 리필 기획 (+75ml) (+왕 스티커 3매),30000.0,22500.0,25.0
cream,25,리더스그린 콜라겐 아이크림 포 페이스,4.61,2622,리더스그린 콜라겐 아이크림 포 페이스,0,,,,,,
cream,26,피지오겔DMT 페이셜크림,4.21,25998,피지오겔DMT 페이셜크림,1,피지오겔,피지오겔 DMT 페이셜 로션 200ml 기획 (+토너 50ml),피지오겔피지오겔 DMT 페이셜 로션 200ml 기획 (+토너 50ml),38000.0,20900.0,45.0
cream,27,라운드랩자작나무 수분 크림,4.38,18262,라운드랩자작나무 수분 크림,1,라운드랩,[6월올영픽/총200ml] 라운드랩 자작나무 수분 크림 80ml+80ml 더블 기획 (+40ml),라운드랩[6월올영픽/총200ml] 라운드랩 자작나무 수분 크림 80ml+80ml 더블 기획 (+40ml),44000.0,24200.0,45.0
cream,28,파티온노스카나인 트러블 크림,4.5,2454,파티온노스카나인 트러블 크림,1,파티온,[6월 올영픽/대용량] 파티온 노스카나인 트러블 크림 75ml 기획(+5ml),파티온[6월 올영픽/대용량] 파티온 노스카나인 트러블 크림 75ml 기획(+5ml),45000.0,28900.0,35.8
cream,29,바론시에엑토인 크림,4.69,2331,바론시에엑토인 크림,0,,,,,,
cream,30,코스알엑스더 세라마이드 스킨 베리어 모이스처라이저,4.62,557,코스알엑스더 세라마이드 스킨 베리어 모이스처라이저,1,코스알엑스,[보습장벽크림] 코스알엑스 더 세라마이드 스킨 베리어 모이스처라이저 80ml,코스알엑스[보습장벽크림] 코스알엑스 더 세라마이드 스킨 베리어 모이스처라이저 80ml,25000.0,22500.0,10.0
cream,31,바이오더마아토덤 울트라 크림,4.53,1252,바이오더마아토덤 울트라 크림,1,바이오더마,바이오더마 아토덤 울트라 크림 500ml+200ml,바이오더마바이오더마 아토덤 울트라 크림 500ml+200ml,42000.0,34860.0,17.0
cream,32,리쥬베닐리페어 PDRN 1500 크림,4.44,1040,리쥬베닐리페어 PDRN 1500 크림,0,,,,,,
cream,33,ICD래디언솜™100 마이크로플루다이저 크림,4.46,1000,ICD래디언솜™100 마이크로플루다이저 크림,0,,,,,,
cream,34,바이오더마아토덤 인텐시브밤,4.53,1729,바이오더마아토덤 인텐시브밤,1,바이오더마,바이오더마 아토덤 인텐시브 밤 500ml,바이오더마바이오더마 아토덤 인텐시브 밤 500ml,48000.0,38400.0,20.0
cream,35,아비브히알루로닉 붐 크림 워터 튜브,4.63,224,아비브히알루로닉 붐 크림 워터 튜브,1,아비브,아비브 히알루로닉 붐 크림 워터튜브 75ml,아비브아비브 히알루로닉 붐 크림 워터튜브 75ml,35000.0,35000.0,0.0
cream,36,웰라쥬리얼 히알루로닉 100 크림,4.57,2627,웰라쥬리얼 히알루로닉 100 크림,1,웰라쥬,[화잘먹크림] 웰라쥬 리얼 히알루로닉 100 크림 50ml 더블 기획,웰라쥬[화잘먹크림] 웰라쥬 리얼 히알루로닉 100 크림 50ml 더블 기획,39000.0,24900.0,36.2
cream,37,토리든솔리드인 세라마이드 크림,4.64,329,토리든솔리드인 세라마이드 크림,1,토리든,토리든 솔리드인 세라마이드 크림 70ml,토리든토리든 솔리드인 세라마이드 크림 70ml,28000.0,19600.0,30.0
cream,38,블레쥬아토지 세라 피부 장벽 크림,4.79,684,블레쥬아토지 세라 피부 장벽 크림,0,,,,,,
cream,39,더하르나이시카이드 크림,4.45,1301,더하르나이시카이드 크림,1,더하르나이,[리우 PICK][1등크림/올영단독] 더하르나이 시카이드 크림 100ml+30ml 기획,더하르나이[리우 PICK][1등크림/올영단독] 더하르나이 시카이드 크림 100ml+30ml 기획,29000.0,29000.0,0.0
cream,40,제로이드인텐시브 크림,4.39,4123,제로이드인텐시브 크림,1,제로이드,제로이드 인텐시브 크림 80ml 기획 (+크림 토너 25ml),제로이드제로이드 인텐시브 크림 80ml 기획 (+크림 토너 25ml),32000.0,28800.0,10.0
cream,41,닥터지더모이스처 배리어.D 인텐스 크림,4.63,965,닥터지더모이스처 배리어.D 인텐스 크림,1,닥터지,[장벽보습크림] 닥터지 더모이스처 배리어 D 인텐스 크림 100ml 기획 3종,닥터지[장벽보습크림] 닥터지 더모이스처 배리어 D 인텐스 크림 100ml 기획 3종,38000.0,38000.0,0.0
cream,42,일리윤레드이치 케어크림,4.75,834,일리윤레드이치 케어크림,1,일리윤,[가려움기능성] 일리윤 레드이치 케어크림 330ML 기획(오일 20ml 증정),일리윤[가려움기능성] 일리윤 레드이치 케어크림 330ML 기획(오일 20ml 증정),26000.0,26000.0,0.0
cream,43,어바웃미숲 진정 수분 크림,4.62,4074,어바웃미숲 진정 수분 크림,1,어바웃미,어바웃미 숲 진정 수분 크림 80ml (100시간 수분지속 진정크림),어바웃미어바웃미 숲 진정 수분 크림 80ml (100시간 수분지속 진정크림),30000.0,15600.0,48.0
cream,44,스킨푸드블루 캐모마일 히알루로닉 크림,4.62,624,스킨푸드블루 캐모마일 히알루로닉 크림,1,스킨푸드,[쫀득물착크림] 스킨푸드 블루 캐모마일 히알루로닉 수분크림 기획(70ml+30ml),스킨푸드[쫀득물착크림] 스킨푸드 블루 캐모마일 히알루로닉 수분크림 기획(70ml+30ml),25000.0,25000.0,0.0
cream,45,토니모리어성초시카 쿨링 수분 크림,4.38,1284,토니모리어성초시카 쿨링 수분 크림,0,,,,,,
cream,46,제나벨PDRN 리쥬비네이팅 크림,4.61,1101,제나벨PDRN 리쥬비네이팅 크림,1,제나벨,제나벨 PDRN 리쥬비네이팅 크림 70ml,제나벨제나벨 PDRN 리쥬비네이팅 크림 70ml,29000.0,29000.0,0.0
cream,47,싸이닉병풀 PDRN 시카 엔드 수딩 크림,4.52,391,싸이닉병풀 PDRN 시카 엔드 수딩 크림,0,,,,,,
cream,48,달바비타 토닝 캡슐 크림,4.64,962,달바비타 토닝 캡슐 크림,1,달바,[26년 신형] 달바 비타 캡슐 크림 나이아신아마이드 5퍼센트 55g 기획 (+10g),달바[26년 신형] 달바 비타 캡슐 크림 나이아신아마이드 5퍼센트 55g 기획 (+10g),58000.0,37900.0,34.7
cream,49,리브엠워터핏 8중 수분착붙 크림,4.63,1511,리브엠워터핏 8중 수분착붙 크림,1,리브엠,[화잘먹 엑소좀수분크림] 리브엠 워터핏 8중 수분착붙 크림 100ml,리브엠[화잘먹 엑소좀수분크림] 리브엠 워터핏 8중 수분착붙 크림 100ml,12900.0,12900.0,0.0
cream,50,에스트라아토베리어365 하이드로 수딩크림,4.78,109,에스트라아토베리어365 하이드로 수딩크림,1,에스트라,[업그레이드/단독] 에스트라 아토베리어365 하이드로 수딩크림 80ml 기획(토너25ml+클렌징폼30g),에스트라[업그레이드/단독] 에스트라 아토베리어365 하이드로 수딩크림 80ml 기획(토너25ml+클렌징폼30g),33000.0,29700.0,10.0
cream,51,바이오더마시카비오 포마드,4.28,3582,바이오더마시카비오 포마드,1,바이오더마,바이오더마 시카비오 포마드 100ml(리페어 리치 밤),바이오더마바이오더마 시카비오 포마드 100ml(리페어 리치 밤),40000.0,31000.0,22.5
cream,52,리얼베리어익스트림 크림,4.27,12350,리얼베리어익스트림 크림,1,리얼베리어,리얼베리어 마스크 3종 택1(장벽/수분/쿨링),리얼베리어리얼베리어 마스크 3종 택1(장벽/수분/쿨링),3000.0,1500.0,50.0
cream,53,브링그린티트리 시카 수딩 크림 플러스,4.34,1765,브링그린티트리 시카 수딩 크림 플러스,1,브링그린,[수부지크림/유수분밸런스]브링그린 티트리 시카 수딩 크림 플러스 100ml (2입/단품),브링그린[수부지크림/유수분밸런스]브링그린 티트리 시카 수딩 크림 플러스 100ml (2입/단품),34200.0,19800.0,42.1
cream,54,마녀공장비피다 바이옴 아쿠아 베리어 크림,4.46,1193,마녀공장비피다 바이옴 아쿠아 베리어 크림,0,,,,,,
cream,55,제로이드수딩 크림,4.26,3809,제로이드수딩 크림,1,제로이드,[대용량] 제로이드 수딩 크림 80ml 기획 (+50ml),제로이드[대용량] 제로이드 수딩 크림 80ml 기획 (+50ml),38000.0,34200.0,10.0
cream,56,라로슈포제시카플라스트 멀티 리페어 크림 B5,4.23,1394,라로슈포제시카플라스트 멀티 리페어 크림 B5,1,라로슈포제,[온라인단독/한정수량]라로슈포제 시카플라스트 밤B5+& 멀티리페어 크림 B5 100ml 기획 (+시카에센스 50%용량),라로슈포제[온라인단독/한정수량]라로슈포제 시카플라스트 밤B5+& 멀티리페어 크림 B5 100ml 기획 (+시카에센스 50%용량),93000.0,69000.0,25.8
cream,57,더리즈리코테카 진정 수분 크림,4.5,1486,더리즈리코테카 진정 수분 크림,0,,,,,,
cream,58,다자연어성초 진정 수딩 크림,4.68,2721,다자연어성초 진정 수딩 크림,0,,,,,,
cream,59,마녀공장판테토인 크림,4.65,1513,마녀공장판테토인 크림,1,마녀공장,[속보습] 마녀공장 판테토인 크림 80ml,마녀공장[속보습] 마녀공장 판테토인 크림 80ml,29200.0,20700.0,29.1
cream,60,아비브부활초 크림 뉴트리션 튜브,4.47,1271,아비브부활초 크림 뉴트리션 튜브,1,아비브,[채서안PICK/보습탄력] 아비브 부활초 크림 뉴트리션 튜브 75ml 기획 (+30ml 추가 증정),아비브[채서안PICK/보습탄력] 아비브 부활초 크림 뉴트리션 튜브 75ml 기획 (+30ml 추가 증정),35000.0,35000.0,0.0
cream,61,스킨앤랩베리어덤 인텐시브 크림,4.54,1864,스킨앤랩베리어덤 인텐시브 크림,1,스킨앤랩,[올영단독/보습장벽] 스킨앤랩 베리어덤 인텐시브 크림 2세대 50ml 1+1 기획,스킨앤랩[올영단독/보습장벽] 스킨앤랩 베리어덤 인텐시브 크림 2세대 50ml 1+1 기획,23000.0,23000.0,0.0
cream,62,닥터지레드 블레미쉬 클리어 크림,4.52,1319,닥터지레드 블레미쉬 클리어 크림,1,닥터지,[자타입/단독기획] 닥터지 레드블레미쉬 클리어 수딩크림 EX 70ml 기획 (+30ml+세럼10ml*2ea),닥터지[자타입/단독기획] 닥터지 레드블레미쉬 클리어 수딩크림 EX 70ml 기획 (+30ml+세럼10ml*2ea),38000.0,27600.0,27.4
cream,63,센텔리안24더 마데카 크림,4.43,1208,센텔리안24더 마데카 크림,0,,,,,,
cream,64,리얼베리어워터리 히알 크림,4.57,524,리얼베리어워터리 히알 크림,1,리얼베리어,[수분잠금] 리얼베리어 워터리 히알 크림 70ml 기획 (+25ml),리얼베리어[수분잠금] 리얼베리어 워터리 히알 크림 70ml 기획 (+25ml),25000.0,20900.0,16.4
cream,65,토리든셀메이징 저분자 콜라겐 탄력 크림,4.61,677,토리든셀메이징 저분자 콜라겐 탄력 크림,1,토리든,[단독기획] 토리든 셀메이징 저분자 콜라겐 탄력 크림 60ml 기획 (+20ml),토리든[단독기획] 토리든 셀메이징 저분자 콜라겐 탄력 크림 60ml 기획 (+20ml),30000.0,21000.0,30.0
cream,66,라운드랩약콩 판테놀 크림,4.47,543,라운드랩약콩 판테놀 크림,1,라운드랩,[보습장벽] 라운드랩 약콩 판테놀 크림 80ml 1+1 기획,라운드랩[보습장벽] 라운드랩 약콩 판테놀 크림 80ml 1+1 기획,34000.0,32300.0,5.0
cream,67,이니스프리레티놀 시카 흔적 장벽 크림,4.55,1003,이니스프리레티놀 시카 흔적 장벽 크림,1,이니스프리,[레티놀젤크림] 이니스프리 레티놀 시카 흔적 장벽 크림 50ml 기획 (+30ml),이니스프리[레티놀젤크림] 이니스프리 레티놀 시카 흔적 장벽 크림 50ml 기획 (+30ml),35000.0,21000.0,40.0
cream,68,센텔리안24마데카크림 타임리버스,4.46,446,센텔리안24마데카크림 타임리버스,1,센텔리안24,[1등 진정] 센텔리안24 마데카 크림 타임 리버스 50ml 기획 (+15ml*2+더마 마스크팩 3매),센텔리안24[1등 진정] 센텔리안24 마데카 크림 타임 리버스 50ml 기획 (+15ml*2+더마 마스크팩 3매),38000.0,20900.0,45.0
cream,69,코스알엑스더 레티놀 0.1 크림,4.52,1280,코스알엑스더 레티놀 0.1 크림,1,코스알엑스,코스알엑스 더 레티놀 0.1 크림 20ml,코스알엑스코스알엑스 더 레티놀 0.1 크림 20ml,25000.0,18700.0,25.2
cream,70,메디힐마데카소사이드 흔적 리페어 더마 크림,4.39,147,메디힐마데카소사이드 흔적 리페어 더마 크림,1,메디힐,[6월 올영픽/1+1] 메디힐 마데카소사이드 흔적 리페어 더마크림 50+50ml 더블 기획,메디힐[6월 올영픽/1+1] 메디힐 마데카소사이드 흔적 리페어 더마크림 50+50ml 더블 기획,39000.0,23400.0,40.0
cream,71,피지오겔레드수딩 시카밸런스 크림,4.48,577,피지오겔레드수딩 시카밸런스 크림,1,피지오겔,피지오겔 레드수딩 시카밸런스 크림 80ml 대용량,피지오겔피지오겔 레드수딩 시카밸런스 크림 80ml 대용량,30000.0,23900.0,20.3
cream,72,일리윤히알루론 모이스춰 수분크림,4.29,2062,일리윤히알루론 모이스춰 수분크림,0,,,,,,
cream,73,달바화이트 트러플 더블 세럼 앤 크림,4.72,3927,달바화이트 트러플 더블 세럼 앤 크림,1,달바,[원스텝케어/사계절맞춤] 달바 더블 세럼 앤 크림 70g,달바[원스텝케어/사계절맞춤] 달바 더블 세럼 앤 크림 70g,78000.0,78000.0,0.0
cream,74,에스네이처아쿠아 스쿠알란 판테놀 아이크림 포 페이스 밤,4.62,26,에스네이처아쿠아 스쿠알란 판테놀 아이크림 포 페이스 밤,1,에스네이처,[단백질 아이크림] 에스네이처 아쿠아 스쿠알란 판테놀 아이크림 포 페이스 밤 25g,에스네이처[단백질 아이크림] 에스네이처 아쿠아 스쿠알란 판테놀 아이크림 포 페이스 밤 25g,34000.0,17900.0,47.4
cream,75,코스노리아보카도 아이크림,4.56,2839,코스노리아보카도 아이크림,0,,,,,,
cream,76,한율어린쑥 수분진정 크림,4.46,1157,한율어린쑥 수분진정 크림,1,한율,[1+1] 한율 트러블 진정 쑥시카 수분 크림 기획 (55ml+55ml),한율[1+1] 한율 트러블 진정 쑥시카 수분 크림 기획 (55ml+55ml),38000.0,38000.0,0.0
cream,77,리얼베리어익스트림 크림 라이트,4.49,522,리얼베리어익스트림 크림 라이트,1,리얼베리어,[조슈아PICK/화잘먹] 리얼베리어 익스트림 크림 라이트 70ml 기획 (+30ml),리얼베리어[조슈아PICK/화잘먹] 리얼베리어 익스트림 크림 라이트 70ml 기획 (+30ml),36000.0,36000.0,0.0
cream,78,아벤느시칼파트 플러스 SOS 크림,4.39,1011,아벤느시칼파트 플러스 SOS 크림,1,아벤느,[손상/장벽 리페어] 아벤느 시칼파트 플러스 SOS 리페어 크림 100ml 기획 (+40ml),아벤느[손상/장벽 리페어] 아벤느 시칼파트 플러스 SOS 리페어 크림 100ml 기획 (+40ml),44000.0,29400.0,33.2
cream,79,이즈앤트리어니언 뉴페어 겔크림 플러스,4.41,94,이즈앤트리어니언 뉴페어 겔크림 플러스,1,이즈앤트리,"[NCT 재민PICK] 이즈앤트리 어니언 뉴페어 겔크림 플러스 50ml 기획 (+겔크림 플러스 20ml, 패드 2매)","이즈앤트리[NCT 재민PICK] 이즈앤트리 어니언 뉴페어 겔크림 플러스 50ml 기획 (+겔크림 플러스 20ml, 패드 2매)",32000.0,19600.0,38.8
cream,80,웰라쥬리얼 시카 카밍 95 크림,4.48,634,웰라쥬리얼 시카 카밍 95 크림,1,웰라쥬,[진정크림/총100ml] 웰라쥬 리얼 시카카밍 95 크림 80ml 기획 (+20ml),웰라쥬[진정크림/총100ml] 웰라쥬 리얼 시카카밍 95 크림 80ml 기획 (+20ml),28000.0,28000.0,0.0
cream,81,믹순히알레배 포어 블러링 크림,4.46,467,믹순히알레배 포어 블러링 크림,1,믹순,[수부지 올인원 크림] 믹순 히알레배 포어 블러링 크림 50ml,믹순[수부지 올인원 크림] 믹순 히알레배 포어 블러링 크림 50ml,14900.0,9900.0,33.6
cream,82,주미소D-판테놀 베리어 수딩 크림,4.45,152,주미소D-판테놀 베리어 수딩 크림,0,,,,,,
cream,83,더랩바이블랑두올리고 히알루론산 카밍+크림,4.3,4856,더랩바이블랑두올리고 히알루론산 카밍+크림,0,,,,,,
cream,84,더랩바이블랑두클리어히알결광 스킨핏프렙,4.6,47,더랩바이블랑두클리어히알결광 스킨핏프렙,0,,,,,,
cream,85,이니스프리그린티 버터 보습 크림,4.62,141,이니스프리그린티 버터 보습 크림,0,,,,,,
cream,86,에스트라아토베리어 크림,4.6,414,에스트라아토베리어 크림,1,에스트라,[2025어워즈1위] 에스트라 아토베리어365 크림 80ml 기획 (+하이드로 에센스25ml+앰플7ml),에스트라[2025어워즈1위] 에스트라 아토베리어365 크림 80ml 기획 (+하이드로 에센스25ml+앰플7ml),33000.0,29700.0,10.0
cream,87,마일드랩블루센텔라 더마 리페어크림,4.51,319,마일드랩블루센텔라 더마 리페어크림,1,마일드랩,[EGF판테놀/장벽] 마일드랩 블루센텔라 더마 리페어크림 50ml,마일드랩[EGF판테놀/장벽] 마일드랩 블루센텔라 더마 리페어크림 50ml,30000.0,24000.0,20.0
cream,88,오울루버치 아토 모이스처 크림,4.77,2542,오울루버치 아토 모이스처 크림,1,오울루,버치 아토 모이스처 로션,오울루버치 아토 모이스처 로션,40000.0,29200.0,27.0
cream,89,아누아3 세라마이드 판테놀 모이스처 베리어 크림,4.52,77,아누아3 세라마이드 판테놀 모이스처 베리어 크림,0,,,,,,
cream,90,더마팩토리트라넥삼산 6%크림,4.43,21,더마팩토리트라넥삼산 6%크림,1,더마팩토리,더마팩토리 트라넥삼산 6% 크림 30ml,더마팩토리더마팩토리 트라넥삼산 6% 크림 30ml,8000.0,7600.0,5.0
cream,91,닥터오라클세라마베리어™ 페이셜 세라마이드 크림,4.63,575,닥터오라클세라마베리어™ 페이셜 세라마이드 크림,0,,,,,,
cream,92,닥터지블랙 스네일 크림,4.63,62,닥터지블랙 스네일 크림,1,닥터지,[선물세트/광채탄력] 닥터지 블랙스네일 레티놀 3종 기프트세트 (크림 50ml + 앰플 50ml + 마스크팩 1매),닥터지[선물세트/광채탄력] 닥터지 블랙스네일 레티놀 3종 기프트세트 (크림 50ml + 앰플 50ml + 마스크팩 1매),43000.0,43000.0,0.0
cream,93,비플레인밀크 세라마이드 보습 크림,4.63,112,비플레인밀크 세라마이드 보습 크림,0,,,,,,
cream,94,더마팩토리레티날 300ppm 크림,4.56,112,더마팩토리레티날 300ppm 크림,1,더마팩토리,더마팩토리 레티날 300ppm크림 30ml,더마팩토리더마팩토리 레티날 300ppm크림 30ml,9000.0,8550.0,5.0
cream,95,셀라딕스히알루로닉 인텐스 크림,4.67,73,셀라딕스히알루로닉 인텐스 크림,0,,,,,,
cream,96,결하우스울트라 모이스처 호호바 세럼 앤 크림,4.62,176,결하우스울트라 모이스처 호호바 세럼 앤 크림,0,,,,,,
cream,97,센텔리안24마데카 크림 타이트 리프팅,4.53,78,센텔리안24마데카 크림 타이트 리프팅,0,,,,,,
cream,98,더마펌수딩 리페어 토닝 크림 R4,4.51,1051,더마펌수딩 리페어 토닝 크림 R4,1,더마펌,[흔적케어크림] 더마펌 수딩 리페어 토닝 크림 R4 50ml 기획 (+30ml),더마펌[흔적케어크림] 더마펌 수딩 리페어 토닝 크림 R4 50ml 기획 (+30ml),39000.0,27300.0,30.0
cream,99,이즈앤트리초저분자 히아루론산 징크 수분 크림,4.57,310,이즈앤트리초저분자 히아루론산 징크 수분 크림,0,,,,,,
cream,100,샤이샤이샤이리포좀 리페어 밀키 크림,4.44,556,샤이샤이샤이리포좀 리페어 밀키 크림,1,샤이샤이샤이,[단독기획/화잘먹 대란템] 샤이샤이샤이 리포좀 리페어 밀키 크림 50ml 기획 (+15ml),샤이샤이샤이[단독기획/화잘먹 대란템] 샤이샤이샤이 리포좀 리페어 밀키 크림 50ml 기획 (+15ml),28000.0,19600.0,30.0
mist,1,아누아PDRN 히알루론산 수분 캡슐 미스트,4.47,618,아누아PDRN 히알루론산 수분 캡슐 미스트,1,아누아,[6월 올영픽/한정기획] 아누아 피디알엔 히알루론산 수분 캡슐 미스트 100ml 2입 기획,아누아[6월 올영픽/한정기획] 아누아 피디알엔 히알루론산 수분 캡슐 미스트 100ml 2입 기획,70000.0,29600.0,57.7
mist,2,에스네이처아쿠아 스쿠알란 미스트,4.63,1277,에스네이처아쿠아 스쿠알란 미스트,1,에스네이처,[1초 수분결 미스트] 에스네이처 아쿠아 스쿠알란 미스트 100ml 더블기획,에스네이처[1초 수분결 미스트] 에스네이처 아쿠아 스쿠알란 미스트 100ml 더블기획,48000.0,33600.0,30.0
mist,3,닥터지레드 블레미쉬 쿨 수딩 젤리 미스트,4.59,410,닥터지레드 블레미쉬 쿨 수딩 젤리 미스트,1,닥터지,[NEW/쿨링진정] 닥터지 레드 블레미쉬 쿨 수딩 젤리 미스트 100ml,닥터지[NEW/쿨링진정] 닥터지 레드 블레미쉬 쿨 수딩 젤리 미스트 100ml,24000.0,24000.0,0.0
mist,4,리더스PDRN 0.5% 앰플 미스트,4.6,432,리더스PDRN 0.5% 앰플 미스트,0,,,,,,
mist,5,달바화이트 트러플 퍼스트 스프레이 세럼,4.42,8429,달바화이트 트러플 퍼스트 스프레이 세럼,1,달바,[NO.1 미스트세럼] 달바 퍼스트 스프레이 세럼 100ml 2개 기획,달바[NO.1 미스트세럼] 달바 퍼스트 스프레이 세럼 100ml 2개 기획,59800.0,33900.0,43.3
mist,6,아이레시피아쿠아 피토플렉스 크림 인 토너 미스트,4.58,2912,아이레시피아쿠아 피토플렉스 크림 인 토너 미스트,0,,,,,,
mist,7,에스트라아토베리어 365 크림 미스트,4.29,1584,에스트라아토베리어 365 크림 미스트,1,에스트라,에스트라 아토베리어365 크림미스트 120ml,에스트라에스트라 아토베리어365 크림미스트 120ml,23000.0,20700.0,10.0
mist,8,아벤느오 떼르말,4.18,10664,아벤느오 떼르말,1,아벤느,[1등 미스트] 아벤느 오 떼르말 미스트 300ml*2 + 50ml 기획,아벤느[1등 미스트] 아벤느 오 떼르말 미스트 300ml*2 + 50ml 기획,39000.0,22900.0,41.3
mist,9,유이크바이옴 베리어 크림 미스트,4.64,1476,유이크바이옴 베리어 크림 미스트,1,유이크,[장벽미스트/+50ml증정 기획]유이크 바이옴 베리어 크림 미스트 100ml 기획 (+50ml),유이크[장벽미스트/+50ml증정 기획]유이크 바이옴 베리어 크림 미스트 100ml 기획 (+50ml),23000.0,19860.0,13.7
mist,10,오드로이모공수축 시카 83.7 콜라겐 미스트 앰플 로프디,4.48,473,오드로이모공수축 시카 83.7 콜라겐 미스트 앰플 로프디,1,오드로이,[화잘먹미스트] 오드로이 모공수축 시카 83.7 콜라겐 미스트 앰플 로프디 100ml,오드로이[화잘먹미스트] 오드로이 모공수축 시카 83.7 콜라겐 미스트 앰플 로프디 100ml,23500.0,23500.0,0.0
mist,11,차앤박화장품프로폴리스 에너지 앰플 미스트,4.3,6886,차앤박화장품프로폴리스 에너지 앰플 미스트,0,,,,,,
mist,12,바이오힐 보판테셀 리페어시카 크림미스트,4.45,316,바이오힐 보판테셀 리페어시카 크림미스트,1,바이오힐보,[재구매율1위] 바이오힐보 판테셀 리페어시카 크림미스트 [기내용/더블/대용량기획],바이오힐보[재구매율1위] 바이오힐보 판테셀 리페어시카 크림미스트 [기내용/더블/대용량기획],9000.0,9000.0,0.0
mist,13,아비브부활초 미스트 세럼 글로우 스프레이,4.74,23,아비브부활초 미스트 세럼 글로우 스프레이,1,아비브,아비브 부활초 미스트 세럼 글로우 스프레이 100ml,아비브아비브 부활초 미스트 세럼 글로우 스프레이 100ml,25000.0,25000.0,0.0
mist,14,라운드랩1025 독도 미스트,4.37,719,라운드랩1025 독도 미스트,1,라운드랩,[6월올영픽/미스트형] 라운드랩 1025 독도 토너 300ml 1+1 기획 (+늘어나는 스킨패드 30매),라운드랩[6월올영픽/미스트형] 라운드랩 1025 독도 토너 300ml 1+1 기획 (+늘어나는 스킨패드 30매),29800.0,25300.0,15.1
mist,15,닥터올가약산성 어성초 레드스팟 여드름 & 등드름 미스트,4.46,1317,닥터올가약산성 어성초 레드스팟 여드름 & 등드름 미스트,0,,,,,,
mist,16,더하르나이시카이드 크림 미스트,4.64,61,더하르나이시카이드 크림 미스트,1,더하르나이,[아이돌광채][NEW] 더하르나이 시카이드 크림 미스트 120ml (안개분사 화잘먹 미스트),더하르나이[아이돌광채][NEW] 더하르나이 시카이드 크림 미스트 120ml (안개분사 화잘먹 미스트),26000.0,26000.0,0.0
mist,17,온그리디언츠스킨 베리어 속광 미스트,4.58,26,온그리디언츠스킨 베리어 속광 미스트,1,온그리디언츠,[3초광 미스트/수분 속광] 온그리디언츠 스킨 베리어 속광 미스트 100ml 기획 (+50ml),온그리디언츠[3초광 미스트/수분 속광] 온그리디언츠 스킨 베리어 속광 미스트 100ml 기획 (+50ml),25000.0,25000.0,0.0
mist,18,모토몬트밀크티 미스트,4.56,361,모토몬트밀크티 미스트,1,모토몬트,[화잘먹] 모토몬트 애프터눈 페이셜 미스트 100ml,모토몬트[화잘먹] 모토몬트 애프터눈 페이셜 미스트 100ml,28900.0,21900.0,24.2
mist,19,이즈앤트리히아루론산 워터 미스트,4.42,990,이즈앤트리히아루론산 워터 미스트,1,이즈앤트리,이즈앤트리 히아루론산 워터 미스트,이즈앤트리이즈앤트리 히아루론산 워터 미스트,16500.0,9900.0,40.0
mist,20,네오베아레이어링 크림 미스트,4.43,401,네오베아레이어링 크림 미스트,0,,,,,,
mist,21,아이레시피리틀트윈스타 콜라보 아쿠아 피토플렉스 크림 인 토너 미스트,4.85,39,아이레시피리틀트윈스타 콜라보 아쿠아 피토플렉스 크림 인 토너 미스트,0,,,,,,
mist,22,토니모리알로에 촉촉 수딩젤 미스트,4.58,12,토니모리알로에 촉촉 수딩젤 미스트,0,,,,,,
mist,23,메이크프렘이온 스플래쉬 앰플 미스트,4.73,11,메이크프렘이온 스플래쉬 앰플 미스트,0,,,,,,
mist,24,앰플엔세라마이드샷 앰플 미스트,4.42,199,앰플엔세라마이드샷 앰플 미스트,0,,,,,,
mist,25,달바화이트 트러플 퍼스트 아로마틱 스프레이 세럼,4.52,441,달바화이트 트러플 퍼스트 아로마틱 스프레이 세럼,0,,,,,,
mist,26,리슬로우화이트 로터스 피디알엔 스프레이 세럼,4.52,240,리슬로우화이트 로터스 피디알엔 스프레이 세럼,0,,,,,,
mist,27,정샘물뷰티에센셜 물 마이크로 피팅 미스트,4.33,220,정샘물뷰티에센셜 물 마이크로 피팅 미스트,0,,,,,,
mist,28,한율어린쑥 트러블 미스트,4.33,75,한율어린쑥 트러블 미스트,1,한율,[수부지/안개분사] 한율 어린쑥 트러블 진정 미스트 120ml 리필 기획 (+어린쑥 미스트 120ml 리필),한율[수부지/안개분사] 한율 어린쑥 트러블 진정 미스트 120ml 리필 기획 (+어린쑥 미스트 120ml 리필),25000.0,25000.0,0.0
mist,29,마녀공장갈락토미 에센스 미스트,4.32,190,마녀공장갈락토미 에센스 미스트,0,,,,,,
mist,30,브이티코스메틱피디알엔 글로우 앰플,4.12,42,브이티코스메틱피디알엔 글로우 앰플,1,VT,[포켓몬 에디션] VT 피디알엔 글로우 앰플 미스트 100ml 더블 기획 (+포켓몬 티 코스터),VT[포켓몬 에디션] VT 피디알엔 글로우 앰플 미스트 100ml 더블 기획 (+포켓몬 티 코스터),44500.0,36500.0,18.0
mist,31,달바화이트 트러플 로얄 인텐시브 세럼,4.4,151,달바화이트 트러플 로얄 인텐시브 세럼,0,,,,,,
mist,32,리쥬베닐아바파하샴페인미스트앰플,4.35,285,리쥬베닐아바파하샴페인미스트앰플,0,,,,,,
mist,33,더랩바이블랑두클리어히알결광 세럼미스트,4.26,23,더랩바이블랑두클리어히알결광 세럼미스트,0,,,,,,
mist,34,토니모리어성초시카 크림 미스트,4.42,19,토니모리어성초시카 크림 미스트,0,,,,,,
mist,35,달바화이트 트러플 바이탈 스프레이 세럼,4.36,330,달바화이트 트러플 바이탈 스프레이 세럼,1,달바,[긴급진정] 달바 바이탈 스프레이 세럼 100ml 2개 기획,달바[긴급진정] 달바 바이탈 스프레이 세럼 100ml 2개 기획,58000.0,33900.0,41.6
mist,36,파티온노스카나인 퍼스트스텝 진정세럼미스트,4.19,53,파티온노스카나인 퍼스트스텝 진정세럼미스트,0,,,,,,
mist,37,토니모리어성초시카 퀵카밍 미스트 세럼,4.4,15,토니모리어성초시카 퀵카밍 미스트 세럼,0,,,,,,
mist,38,헤슬쏙보습 쌀 세럼 미스트,4.7,10,헤슬쏙보습 쌀 세럼 미스트,1,헤슬,[NEW/수분광채/청담샵 추천] 헤슬 쏙보습 쌀 세럼 미스트 150ml,헤슬[NEW/수분광채/청담샵 추천] 헤슬 쏙보습 쌀 세럼 미스트 150ml,19500.0,18900.0,3.1
mist,39,마녀공장비피다 앰플 미스트,4.5,646,마녀공장비피다 앰플 미스트,0,,,,,,
mist,40,올리세퓨어 워터 미스트,4.17,1859,올리세퓨어 워터 미스트,1,올리세,올리세 퓨어워터 미스트 300ml,올리세올리세 퓨어워터 미스트 300ml,9900.0,9900.0,0.0
mist,41,싸이닉퍼스트 트리트먼트 미스트,4.57,23,싸이닉퍼스트 트리트먼트 미스트,0,,,,,,
mist,42,휩드무화버터 비건 밀크폼 팩미스트,4.54,13,휩드무화버터 비건 밀크폼 팩미스트,1,휩드,[화잘먹미스트] 휩드 무화버터 비건 밀크폼 팩미스트 150ml,휩드[화잘먹미스트] 휩드 무화버터 비건 밀크폼 팩미스트 150ml,26000.0,26000.0,0.0
mist,43,널리제주 선인장 진정수분 토너미스트,4.6,208,널리제주 선인장 진정수분 토너미스트,0,,,,,,
mist,44,셀리맥스노니 앰플 미스트,4.41,37,셀리맥스노니 앰플 미스트,0,,,,,,
mist,45,닥터자르트시카페어™ 페이셜 카밍 미스트,4.24,49,닥터자르트시카페어™ 페이셜 카밍 미스트,1,닥터자르트,[강력진정/산뜻보습] 닥터자르트 시카페어 페이셜 카밍 미스트 150ml,닥터자르트[강력진정/산뜻보습] 닥터자르트 시카페어 페이셜 카밍 미스트 150ml,22000.0,9900.0,55.0
mist,46,벨프리모히알베리어 워터 미스트,4.58,177,벨프리모히알베리어 워터 미스트,0,,,,,,
mist,47,소미클라우드 딥 글로우 미스트,4.48,207,소미클라우드 딥 글로우 미스트,0,,,,,,
mist,48,아이다글루타치온 브라이트닝 앰플 미스트,4.69,13,아이다글루타치온 브라이트닝 앰플 미스트,1,아이다,[슬로우에이징/청담샵Pick] 아이다 글루타치온 브라이트닝 앰플 미스트 60ml,아이다[슬로우에이징/청담샵Pick] 아이다 글루타치온 브라이트닝 앰플 미스트 60ml,32000.0,32000.0,0.0
mist,49,스킨푸드블루 캐모마일 히알루로닉 토너 미스트,4.34,29,스킨푸드블루 캐모마일 히알루로닉 토너 미스트,0,,,,,,
mist,50,숨37도시크릿 에센스 미스트,4.29,14,숨37도시크릿 에센스 미스트,0,,,,,,
mist,51,라로슈포제세로징크 세범 컨트롤 토닝 미스트,4.04,726,라로슈포제세로징크 세범 컨트롤 토닝 미스트,1,라로슈포제,라로슈포제 세로징크 세범 컨트롤 토닝 미스트 150ml,라로슈포제라로슈포제 세로징크 세범 컨트롤 토닝 미스트 150ml,17000.0,12900.0,24.1
mist,52,마미케어바다포도 젤리미스트,4.11,38,마미케어바다포도 젤리미스트,0,,,,,,
mist,53,리얼베리어익스트림 판테놀 에센스 미스트,4.46,13,리얼베리어익스트림 판테놀 에센스 미스트,0,,,,,,
mist,54,이니스프리그린티 히알루론산 미스트,4.23,75,이니스프리그린티 히알루론산 미스트,0,,,,,,
mist,55,달바화이트 트러플 수프림 인텐시브 세럼,4.35,124,달바화이트 트러플 수프림 인텐시브 세럼,0,,,,,,
mist,56,더랩바이블랑두프리바이오틱세라™ 크림 미스트,4.46,134,더랩바이블랑두프리바이오틱세라™ 크림 미스트,0,,,,,,
mist,57,닥터엘시아345 크림 미스트,4.47,19,닥터엘시아345 크림 미스트,1,닥터엘시아,[뿌리는 속광부스터] 닥터엘시아 345 릴리프 크림 미스트 60ml,닥터엘시아[뿌리는 속광부스터] 닥터엘시아 345 릴리프 크림 미스트 60ml,16000.0,16000.0,0.0
mist,58,라로슈포제오 떼르말 온천수 미스트,4.09,1129,라로슈포제오 떼르말 온천수 미스트,1,라로슈포제,라로슈포제 오떼르말 온천수 미스트 150ml,라로슈포제라로슈포제 오떼르말 온천수 미스트 150ml,23000.0,17700.0,23.0
mist,59,프럼네이처알로에베라 98% 수딩젤 미스트,4.67,18,프럼네이처알로에베라 98% 수딩젤 미스트,0,,,,,,
mist,60,아비브어성초 페이셜 미스트 카밍 스프레이,4.49,35,아비브어성초 페이셜 미스트 카밍 스프레이,0,,,,,,
mist,61,셀릭사리부트 안티옥시던트 미스트 세럼,4.6,100,셀릭사리부트 안티옥시던트 미스트 세럼,0,,,,,,
mist,62,휘게릴리프 캐모마일 미스트,4.28,247,휘게릴리프 캐모마일 미스트,0,,,,,,
mist,63,차앤박화장품뮤제너 카밍 앰플 미스트,4.56,39,차앤박화장품뮤제너 카밍 앰플 미스트,0,,,,,,
mist,64,시드물수분가득 물방울 미스트,3.34,65,시드물수분가득 물방울 미스트,0,,,,,,
mist,65,TTtH온천수 미스트,4.63,506,TTtH온천수 미스트,0,,,,,,
mist,66,과일나라알로에베라 모이스처 아쿠아 리얼 수딩젤 미스트,4.12,234,과일나라알로에베라 모이스처 아쿠아 리얼 수딩젤 미스트,0,,,,,,
mist,67,유리아쥬오 떼르말,4.1,1287,유리아쥬오 떼르말,1,유리아쥬,[3중장벽강화 미스트] 유리아쥬 오떼르말 50ml(N),유리아쥬[3중장벽강화 미스트] 유리아쥬 오떼르말 50ml(N),8000.0,6400.0,20.0
mist,68,시드물꿀 펩타이드 미스트,4.5,24,시드물꿀 펩타이드 미스트,0,,,,,,
mist,69,닥터올가어성초&목련 카밍 스킨 미스트,4.64,350,닥터올가어성초&목련 카밍 스킨 미스트,0,,,,,,
mist,70,믹순하센티 미스트,4.65,23,믹순하센티 미스트,0,,,,,,
mist,71,런드리유클린 페이스 솔리드 미스트 카밍,4.14,43,런드리유클린 페이스 솔리드 미스트 카밍,1,런드리유,런드리유 클린 페이스 솔리드 미스트 카밍 100g,런드리유런드리유 클린 페이스 솔리드 미스트 카밍 100g,32000.0,27200.0,15.0
mist,72,센텔리안24마데카 크림 미스트,4.35,26,센텔리안24마데카 크림 미스트,0,,,,,,
mist,73,그라운드플랜미스트,4.27,2029,그라운드플랜미스트,1,그라운드플랜,[간편수분미스트] 그라운드플랜 미스트 50ml,그라운드플랜[간편수분미스트] 그라운드플랜 미스트 50ml,22000.0,22000.0,0.0
mist,74,차앤박화장품아따맘마 콜라보 프로폴리스 에너지 앰플 미스트,4.6,15,차앤박화장품아따맘마 콜라보 프로폴리스 에너지 앰플 미스트,0,,,,,,
mist,75,바이오힐 보프로바이오덤 3D 리프팅 크림 미스트,4.33,15,바이오힐 보프로바이오덤 3D 리프팅 크림 미스트,1,바이오힐보,[탄탄미스트] 바이오힐 보 프로바이오덤 3D 리프팅 크림 미스트 100ml,바이오힐보[탄탄미스트] 바이오힐 보 프로바이오덤 3D 리프팅 크림 미스트 100ml,28000.0,28000.0,0.0
mist,76,디어클레어스펀더멘탈 앰플 미스트,4.58,867,디어클레어스펀더멘탈 앰플 미스트,0,,,,,,
mist,77,시초부스팅 미스트 세럼,4.46,2558,시초부스팅 미스트 세럼,0,,,,,,
mist,78,록키스워터밤 빙하수 약산성 모공미스트,4.56,18,록키스워터밤 빙하수 약산성 모공미스트,0,,,,,,
mist,79,로지피끄뿌크,4.45,11,로지피끄뿌크,0,,,,,,
mist,80,센텔리안24마데카 병풀 미스트,4.54,13,센텔리안24마데카 병풀 미스트,0,,,,,,
mist,81,르뮤아이소셀 리커버리 솔루션,4.68,19,르뮤아이소셀 리커버리 솔루션,0,,,,,,
mist,82,차앤박화장품비타-비 앰플 미스트,4.29,35,차앤박화장품비타-비 앰플 미스트,0,,,,,,
mist,83,홀리카홀리카세라베리어 모이스처 액티브 미스트,4.58,163,홀리카홀리카세라베리어 모이스처 액티브 미스트,0,,,,,,
mist,84,온그리디언츠미니언즈 에디션 스킨 베리어 속광 미스트,4.0,13,온그리디언츠미니언즈 에디션 스킨 베리어 속광 미스트,0,,,,,,
mist,85,은율데일리 케어 미스트 [콜라겐],4.47,34,은율데일리 케어 미스트 [콜라겐],0,,,,,,
mist,86,아페리레미라클데이 루트 에센스 토너 미스트,4.28,71,아페리레미라클데이 루트 에센스 토너 미스트,0,,,,,,
mist,87,비프루브모이스처 워터미스트,4.22,23,비프루브모이스처 워터미스트,0,,,,,,
mist,88,라로슈포제시카플라스트 B5 스프레이,4.07,30,라로슈포제시카플라스트 B5 스프레이,1,라로슈포제,라로슈포제 시카플라스트 B5 스프레이 100ml,라로슈포제라로슈포제 시카플라스트 B5 스프레이 100ml,26000.0,19500.0,25.0
mist,89,리아네이처미스트올,4.55,11,리아네이처미스트올,0,,,,,,
mist,90,홀리카홀리카굳세라 수퍼 세라마이드 미스트,4.28,484,홀리카홀리카굳세라 수퍼 세라마이드 미스트,0,,,,,,
mist,91,다슈데일리 릴렉스 올인원 바디 미스트,4.5,22,다슈데일리 릴렉스 올인원 바디 미스트,0,,,,,,
mist,92,편강율진정 수분 미스트,4.31,32,편강율진정 수분 미스트,0,,,,,,
mist,93,식물원알로에 프레시 수딩미스트,4.22,116,식물원알로에 프레시 수딩미스트,0,,,,,,
mist,94,시드물알로에 쿨링 미스트,4.12,164,시드물알로에 쿨링 미스트,0,,,,,,
mist,95,에센허브바디 크림 미스트,4.44,36,에센허브바디 크림 미스트,1,에센허브,에센허브 티트리 바디 크림 미스트 130ml,에센허브에센허브 티트리 바디 크림 미스트 130ml,34000.0,23800.0,30.0
mist,96,매스티나화이트매스틱 미스트 앰플,4.53,436,매스티나화이트매스틱 미스트 앰플,0,,,,,,
mist,97,디폰데시그니처 오리진 86 미스트,4.69,16,디폰데시그니처 오리진 86 미스트,0,,,,,,
mist,98,시드물티트리 리프레쉬 오일 컨트롤 미스트,4.06,199,시드물티트리 리프레쉬 오일 컨트롤 미스트,0,,,,,,
mist,99,바이오힐 보판테셀 리페어시카 앰플 미스트,4.25,20,바이오힐 보판테셀 리페어시카 앰플 미스트,0,,,,,,
mist,100,바이옴액티베이트미스트 에센스,4.47,70,바이옴액티베이트미스트 에센스,0,,,,,,
skin_pad,1,스킨푸드캐롯 카로틴 카밍 워터 패드,4.47,20619,스킨푸드캐롯 카로틴 카밍 워터 패드,1,스킨푸드,[6월 올영픽/1+1/리뷰이벤트] 스킨푸드 캐롯 카로틴 카밍 워터 패드 60매 더블기획 (+PDRN 패드 2매*3),스킨푸드[6월 올영픽/1+1/리뷰이벤트] 스킨푸드 캐롯 카로틴 카밍 워터 패드 60매 더블기획 (+PDRN 패드 2매*3),42000.0,25700.0,38.8
skin_pad,2,퓨리피아메타바이옴 토너 패드,4.7,4056,퓨리피아메타바이옴 토너 패드,0,,,,,,
skin_pad,3,아비브어성초 흔적 에센스 패드 클리어 터치,4.35,2948,아비브어성초 흔적 에센스 패드 클리어 터치,1,아비브,아비브 어성초 흔적 에센스 패드 클리어터치 70매 리필기획 (+70매 리필),아비브아비브 어성초 흔적 에센스 패드 클리어터치 70매 리필기획 (+70매 리필),40000.0,26600.0,33.5
skin_pad,4,일루미엘물결 수분 네모패드,4.73,3219,일루미엘물결 수분 네모패드,0,,,,,,
skin_pad,5,에이에스씨이플러스더블: 이엑스 시그널 패드 프로,4.63,587,에이에스씨이플러스더블: 이엑스 시그널 패드 프로,0,,,,,,
skin_pad,6,리브엠워터핏 8중 수분착붙 패드,4.67,3505,리브엠워터핏 8중 수분착붙 패드,0,,,,,,
skin_pad,7,에스네이처아쿠아 오아시스 판테알란 카밍패드,4.73,1095,에스네이처아쿠아 오아시스 판테알란 카밍패드,1,에스네이처,[1등 쿨링진정패드] 에스네이처 아쿠아 오아시스 판테알란 카밍패드 60매,에스네이처[1등 쿨링진정패드] 에스네이처 아쿠아 오아시스 판테알란 카밍패드 60매,26000.0,19500.0,25.0
skin_pad,8,메디힐마데카소사이드 흔적패드,4.35,4866,메디힐마데카소사이드 흔적패드,1,메디힐,[87관왕 No.1] 메디힐 더마 토너패드 100매 7종 피부 고민별 골라담기,메디힐[87관왕 No.1] 메디힐 더마 토너패드 100매 7종 피부 고민별 골라담기,26000.0,17900.0,31.2
skin_pad,9,구달어성초 히알루론 수딩 클리어패드,4.7,1501,구달어성초 히알루론 수딩 클리어패드,1,구달,[6월 올영픽/텔레토비 콜라보] 구달 어성초 히알루론 수딩 클리어 패드 70매 리필 기획 (+70매 리필)(+마켓백),구달[6월 올영픽/텔레토비 콜라보] 구달 어성초 히알루론 수딩 클리어 패드 70매 리필 기획 (+70매 리필)(+마켓백),38000.0,25900.0,31.8
skin_pad,10,듀이트리AC 딥 진정 모공 패드,4.52,2337,듀이트리AC 딥 진정 모공 패드,1,듀이트리,[트러블진정/단독기획] 듀이트리 AC 딥 진정 모공 패드 100매,듀이트리[트러블진정/단독기획] 듀이트리 AC 딥 진정 모공 패드 100매,26000.0,19900.0,23.5
skin_pad,11,비플레인녹두 모공 클리어링 필터 패드,4.6,1077,비플레인녹두 모공 클리어링 필터 패드,1,비플레인,[모공청정/필터패드] 비플레인 녹두 모공 클리어링 필터 패드 70매 (+10매 증정기획),비플레인[모공청정/필터패드] 비플레인 녹두 모공 클리어링 필터 패드 70매 (+10매 증정기획),24000.0,24000.0,0.0
skin_pad,12,비플레인시카테롤 블레미쉬 패드,4.68,2728,비플레인시카테롤 블레미쉬 패드,1,비플레인,[흔적진정] 비플레인 시카테롤 블레미쉬 패드 80매,비플레인[흔적진정] 비플레인 시카테롤 블레미쉬 패드 80매,26000.0,19500.0,25.0
skin_pad,13,토리든다이브인 저분자 히알루론산 멀티패드,4.54,2326,토리든다이브인 저분자 히알루론산 멀티패드,1,토리든,[NEW] 토리든 다이브인 저분자 히알루론산 세럼 50ml 기획 (+멀티 패드 10매),토리든[NEW] 토리든 다이브인 저분자 히알루론산 세럼 50ml 기획 (+멀티 패드 10매),22000.0,16500.0,25.0
skin_pad,14,토리든밸런스풀 시카 토너 패드,4.64,2886,토리든밸런스풀 시카 토너 패드,0,,,,,,
skin_pad,15,넘버즈인1번 시카 갈아만든 초록패드,4.43,2252,넘버즈인1번 시카 갈아만든 초록패드,0,,,,,,
skin_pad,16,셀퓨전씨포스트 알파 쿨링 패드,4.62,1325,셀퓨전씨포스트 알파 쿨링 패드,1,셀퓨전씨,[빙하수쿨링패드] 셀퓨전씨 포스트 알파 쿨링 패드 70매 1+1 기획,셀퓨전씨[빙하수쿨링패드] 셀퓨전씨 포스트 알파 쿨링 패드 70매 1+1 기획,29900.0,23900.0,20.1
skin_pad,17,스킨푸드당근 PDRN 속수분 패드,4.69,203,스킨푸드당근 PDRN 속수분 패드,1,스킨푸드,[6월 올영픽/고민영PICK/리뷰이벤트] 스킨푸드 당근 PDRN 속수분 패드 100매 기획 (+10매*3),스킨푸드[6월 올영픽/고민영PICK/리뷰이벤트] 스킨푸드 당근 PDRN 속수분 패드 100매 기획 (+10매*3),29000.0,18800.0,35.2
skin_pad,18,아이레시피시카 PDRN 흔적 클리어 토너 패드,4.61,957,아이레시피시카 PDRN 흔적 클리어 토너 패드,0,,,,,,
skin_pad,19,아비브수분초 히알루론 패드 하이드레이팅 터치,4.61,2303,아비브수분초 히알루론 패드 하이드레이팅 터치,1,아비브,[10초수분충전] 아비브 수분초 히알루론 패드 하이드레이팅 터치 75매 기획 (+10매 추가 증정),아비브[10초수분충전] 아비브 수분초 히알루론 패드 하이드레이팅 터치 75매 기획 (+10매 추가 증정),24000.0,16800.0,30.0
skin_pad,20,스킨푸드포테이토 마데카소사이드 수딩 패드,4.31,1826,스킨푸드포테이토 마데카소사이드 수딩 패드,0,,,,,,
skin_pad,21,리브엠시카좀 카밍 클리어 토너 패드,4.65,1021,리브엠시카좀 카밍 클리어 토너 패드,0,,,,,,
skin_pad,22,유이크바이옴 레미디 포어 리셋 쿨링 패드,4.68,560,유이크바이옴 레미디 포어 리셋 쿨링 패드,1,유이크,유이크 바이옴 레미디 포어리셋 쿨링패드 80매,유이크유이크 바이옴 레미디 포어리셋 쿨링패드 80매,24000.0,18900.0,21.2
skin_pad,23,잇츠스킨파워10 감초줄렌 젤리패드,4.65,7228,잇츠스킨파워10 감초줄렌 젤리패드,1,잇츠스킨,[쿨링/진정]잇츠스킨 파워10 포뮬라 엘아이 젤리 패드 감초줄렌 70매 (+70매 리필기획) *,잇츠스킨[쿨링/진정]잇츠스킨 파워10 포뮬라 엘아이 젤리 패드 감초줄렌 70매 (+70매 리필기획) *,40000.0,24000.0,40.0
skin_pad,24,라운드랩자작나무 수분 패드,4.65,1834,라운드랩자작나무 수분 패드,1,라운드랩,[6월올영픽/즉각쿨링] 라운드랩 자작나무 수분 선스틱 19g 더블 기획 (+수분패드 4매),라운드랩[6월올영픽/즉각쿨링] 라운드랩 자작나무 수분 선스틱 19g 더블 기획 (+수분패드 4매),29000.0,24000.0,17.2
skin_pad,25,메디힐히알루론산 속보습 패드,4.6,63,메디힐히알루론산 속보습 패드,1,메디힐,[87관왕 No.1] 메디힐 더마 토너패드 100매 7종 피부 고민별 골라담기,메디힐[87관왕 No.1] 메디힐 더마 토너패드 100매 7종 피부 고민별 골라담기,26000.0,17900.0,31.2
skin_pad,26,셀리맥스지우개패드,4.35,5517,셀리맥스지우개패드,1,셀리맥스,[민감/여드름피부/토너패드] 셀리맥스 지우개 시카 바하 블레미쉬 토너 패드 60매 기획 (+60매),셀리맥스[민감/여드름피부/토너패드] 셀리맥스 지우개 시카 바하 블레미쉬 토너 패드 60매 기획 (+60매),29500.0,29500.0,0.0
skin_pad,27,리더스PDRN 0.5% 에센스 패드,4.69,200,리더스PDRN 0.5% 에센스 패드,0,,,,,,
skin_pad,28,커버앤커버애플민트 히알루론산 PDRN 3분 패드 팩,4.7,400,커버앤커버애플민트 히알루론산 PDRN 3분 패드 팩,0,,,,,,
skin_pad,29,듀이트리AC 컨트롤 EX 딥 흔적 진정 잡티 패드,4.52,566,듀이트리AC 컨트롤 EX 딥 흔적 진정 잡티 패드,0,,,,,,
skin_pad,30,듀이트리픽 앤 퀵 뜯어쓰는 더블 패드 [화장발],4.52,393,듀이트리픽 앤 퀵 뜯어쓰는 더블 패드 [화장발],1,듀이트리,[대용량] 듀이트리 픽앤퀵 뜯어쓰는 더블 패드 100매 (화장발/카밍풀/모공탄력/비타광채),듀이트리[대용량] 듀이트리 픽앤퀵 뜯어쓰는 더블 패드 100매 (화장발/카밍풀/모공탄력/비타광채),26000.0,17100.0,34.2
skin_pad,31,아비브어성초 스팟 패드 카밍터치,4.37,2447,아비브어성초 스팟 패드 카밍터치,0,,,,,,
skin_pad,32,아누아8 히알루론산 카테킨 카밍 패드,4.47,134,아누아8 히알루론산 카테킨 카밍 패드,0,,,,,,
skin_pad,33,더마펌수딩 리페어 토닝 패드 R4,4.68,1259,더마펌수딩 리페어 토닝 패드 R4,1,더마펌,더마펌 수딩 리페어 토닝 패드 R4 70매 기획 (+리필 70매),더마펌더마펌 수딩 리페어 토닝 패드 R4 70매 기획 (+리필 70매),39000.0,27300.0,30.0
skin_pad,34,토리든셀메이징 비타 씨 브라이트닝 흔적 토닝 패드,4.63,341,토리든셀메이징 비타 씨 브라이트닝 흔적 토닝 패드,0,,,,,,
skin_pad,35,YBK핑크 글로우 빔 젤리 패드,4.62,406,YBK핑크 글로우 빔 젤리 패드,0,,,,,,
skin_pad,36,더마토리시카 커즈 패드,4.42,6827,더마토리시카 커즈 패드,0,,,,,,
skin_pad,37,한율어린쑥 수분진정 패드,4.45,404,한율어린쑥 수분진정 패드,1,한율,[트러블진정] 한율 어린쑥 5분 트러블진정패드 60+10매 (어린쑥패드),한율[트러블진정] 한율 어린쑥 5분 트러블진정패드 60+10매 (어린쑥패드),29000.0,29000.0,0.0
skin_pad,38,더마토리살리시닉 포어 클리어 블랙 패드,4.33,222,더마토리살리시닉 포어 클리어 블랙 패드,1,더마토리,[모공케어] 더마토리 살리시닉 포어 클리어 블랙 모공 토너패드 70매 기획 (+70매 리필),더마토리[모공케어] 더마토리 살리시닉 포어 클리어 블랙 모공 토너패드 70매 기획 (+70매 리필),39000.0,25300.0,35.1
skin_pad,39,메이크프렘인테카 트러블 수딩 패드,4.6,551,메이크프렘인테카 트러블 수딩 패드,1,메이크프렘,[트러블/각질케어]메이크프렘 인테카 트러블 수딩 패드 70매,메이크프렘[트러블/각질케어]메이크프렘 인테카 트러블 수딩 패드 70매,28000.0,19160.0,31.6
skin_pad,40,잇츠스킨파워10 포뮬라 엘아이 토너 패드,4.68,496,잇츠스킨파워10 포뮬라 엘아이 토너 패드,1,잇츠스킨,[모공/각질] 잇츠스킨 파워10 포뮬라 엘아이 토너패드 60매,잇츠스킨[모공/각질] 잇츠스킨 파워10 포뮬라 엘아이 토너패드 60매,25000.0,17500.0,30.0
skin_pad,41,아페리레순수 블루 토너 패드,4.6,1221,아페리레순수 블루 토너 패드,1,아페리레,[수분진정/화해1위] 아페리레 순수 블루 빙하수 토너 패드 70매,아페리레[수분진정/화해1위] 아페리레 순수 블루 빙하수 토너 패드 70매,28000.0,28000.0,0.0
skin_pad,42,아누아PDRN 100 히알루론산 글로우 패드,4.41,182,아누아PDRN 100 히알루론산 글로우 패드,0,,,,,,
skin_pad,43,메디힐티트리 트러블 진정 패드,4.33,116,메디힐티트리 트러블 진정 패드,1,메디힐,[87관왕 No.1] 메디힐 더마 토너패드 100매 7종 피부 고민별 골라담기,메디힐[87관왕 No.1] 메디힐 더마 토너패드 100매 7종 피부 고민별 골라담기,26000.0,17900.0,31.2
skin_pad,44,셀퓨전씨포스트 알파 시카 쿨링 패드,4.58,299,셀퓨전씨포스트 알파 시카 쿨링 패드,1,셀퓨전씨,[민감진정/리얼시카패드] 셀퓨전씨 포스트 알파 시카 쿨링 패드 70매 더블기획,셀퓨전씨[민감진정/리얼시카패드] 셀퓨전씨 포스트 알파 시카 쿨링 패드 70매 더블기획,29900.0,29900.0,0.0
skin_pad,45,리더스보습 영양 패드,4.68,734,리더스보습 영양 패드,0,,,,,,
skin_pad,46,브링그린티트리 시카 트러블 수딩 토너 패드,4.43,255,브링그린티트리 시카 트러블 수딩 토너 패드,1,브링그린,[1분진정] 브링그린 티트리 시카 트러블 수딩 토너패드 90매 (리필기획/단품),브링그린[1분진정] 브링그린 티트리 시카 트러블 수딩 토너패드 90매 (리필기획/단품),21000.0,16800.0,20.0
skin_pad,47,수이스킨어린 새싹 포어 컨트롤 패드,4.58,442,수이스킨어린 새싹 포어 컨트롤 패드,0,,,,,,
skin_pad,48,주미소안티옥시던트 글로우 토닝 패드,4.64,738,주미소안티옥시던트 글로우 토닝 패드,0,,,,,,
skin_pad,49,스트라이덱스센시티브 패드,3.92,5961,스트라이덱스센시티브 패드,1,스트라이덱스,[각질/피지] 스트라이덱스 센시티브 패드 55매,스트라이덱스[각질/피지] 스트라이덱스 센시티브 패드 55매,10900.0,9260.0,15.0
skin_pad,50,아비브글루타치온좀 잡티 패드 비타 터치,4.68,77,아비브글루타치온좀 잡티 패드 비타 터치,1,아비브,[3일톤업패드] 아비브 글루타치온좀 잡티 패드 비타 터치 60매,아비브[3일톤업패드] 아비브 글루타치온좀 잡티 패드 비타 터치 60매,24000.0,16800.0,30.0
skin_pad,51,웰라쥬리얼 히알루로닉 블루 토너 패드,4.56,546,웰라쥬리얼 히알루로닉 블루 토너 패드,1,웰라쥬,[화잘먹패드] 웰라쥬 리얼 히알루로닉 블루 토너 패드 70매 기획 (+원데이키트1ea),웰라쥬[화잘먹패드] 웰라쥬 리얼 히알루로닉 블루 토너 패드 70매 기획 (+원데이키트1ea),24000.0,24000.0,0.0
skin_pad,52,트루스오브뷰티시카-뮤신 진정 패드,4.62,240,트루스오브뷰티시카-뮤신 진정 패드,0,,,,,,
skin_pad,53,메디큐브제로모공패드 2.0,4.2,3630,메디큐브제로모공패드 2.0,0,,,,,,
skin_pad,54,YBK어성초 원스텝 포어 패드,4.54,993,YBK어성초 원스텝 포어 패드,0,,,,,,
skin_pad,55,스킨푸드판토테닉 워터파슬리 클리어 패드,4.31,431,스킨푸드판토테닉 워터파슬리 클리어 패드,0,,,,,,
skin_pad,56,라운드랩1025 독도 패드,4.38,2436,라운드랩1025 독도 패드,1,라운드랩,[6월올영픽/미스트형] 라운드랩 1025 독도 토너 300ml 1+1 기획 (+늘어나는 스킨패드 30매),라운드랩[6월올영픽/미스트형] 라운드랩 1025 독도 토너 300ml 1+1 기획 (+늘어나는 스킨패드 30매),29800.0,25300.0,15.1
skin_pad,57,나드약산성 필링 토너 패드,4.48,42,나드약산성 필링 토너 패드,0,,,,,,
skin_pad,58,스킨푸드레몬그라스 나이아신아마이드 5% 패드,4.48,66,스킨푸드레몬그라스 나이아신아마이드 5% 패드,0,,,,,,
skin_pad,59,리쥬란코스메틱더마 힐러 포어 타이트닝 토너 패드,4.89,19,리쥬란코스메틱더마 힐러 포어 타이트닝 토너 패드,1,리쥬란,[모공PDRN] 리쥬란 더마 힐러 포어 타이트닝 앰플 30ml [한정기획(+토너패드2매X6)/단품]_올영픽,리쥬란[모공PDRN] 리쥬란 더마 힐러 포어 타이트닝 앰플 30ml [한정기획(+토너패드2매X6)/단품]_올영픽,47000.0,34900.0,25.7
skin_pad,60,리더스쿨링 진정 패드,4.44,302,리더스쿨링 진정 패드,0,,,,,,
skin_pad,61,셀리맥스시카 지우개패드,4.48,114,셀리맥스시카 지우개패드,1,셀리맥스,[민감/여드름피부/토너패드] 셀리맥스 지우개 시카 바하 블레미쉬 토너 패드 60매 기획 (+60매),셀리맥스[민감/여드름피부/토너패드] 셀리맥스 지우개 시카 바하 블레미쉬 토너 패드 60매 기획 (+60매),29500.0,29500.0,0.0
skin_pad,62,이즈앤트리어니언 뉴페어 클리어 패드,4.47,1163,이즈앤트리어니언 뉴페어 클리어 패드,1,이즈앤트리,[NCT 재민PICK] 이즈앤트리 어니언 뉴페어 클리어 패드 60매 (+20매 리필 증정기획),이즈앤트리[NCT 재민PICK] 이즈앤트리 어니언 뉴페어 클리어 패드 60매 (+20매 리필 증정기획),26000.0,17900.0,31.2
skin_pad,63,스킨1004마다가스카르 센텔라 퀵 카밍 패드,4.77,30,스킨1004마다가스카르 센텔라 퀵 카밍 패드,1,스킨1004,스킨1004 마다가스카르 센텔라 퀵카밍 패드,스킨1004스킨1004 마다가스카르 센텔라 퀵카밍 패드,27000.0,22950.0,15.0
skin_pad,64,메디힐피토엔자임 각질 패드,4.36,934,메디힐피토엔자임 각질 패드,1,메디힐,[87관왕 No.1] 메디힐 더마 토너패드 100매 7종 피부 고민별 골라담기,메디힐[87관왕 No.1] 메디힐 더마 토너패드 100매 7종 피부 고민별 골라담기,26000.0,17900.0,31.2
skin_pad,65,이즈앤트리김 PDRN 부스팅 글로우 패드,4.63,109,이즈앤트리김 PDRN 부스팅 글로우 패드,1,이즈앤트리,[NCT 재민PICK/NEW] 이즈앤트리 김 피디알엔 부스팅 글로우 패드 70매 기획 (+30매),이즈앤트리[NCT 재민PICK/NEW] 이즈앤트리 김 피디알엔 부스팅 글로우 패드 70매 기획 (+30매),28000.0,25900.0,7.5
skin_pad,66,닥터지레드 블레미쉬 클리어 더블 결 패드,4.43,21,닥터지레드 블레미쉬 클리어 더블 결 패드,1,닥터지,닥터지 레드 블레미쉬 클리어 더블 결 패드 60매,닥터지닥터지 레드 블레미쉬 클리어 더블 결 패드 60매,28000.0,28000.0,0.0
skin_pad,67,퓨리피아시카 수분 진정 토너 패드,4.59,282,퓨리피아시카 수분 진정 토너 패드,0,,,,,,
skin_pad,68,니들리데일리 토너 패드,4.43,1957,니들리데일리 토너 패드,1,니들리,니들리 데일리 토너 패드 80매 (+20매 증정기획) (OY단독),니들리니들리 데일리 토너 패드 80매 (+20매 증정기획) (OY단독),24900.0,19900.0,20.1
skin_pad,69,더마토리시카 피디알엔 흔적 진정 패드,4.18,84,더마토리시카 피디알엔 흔적 진정 패드,1,더마토리,[쿨링진정] 더마토리 시카 PDRN 흔적 진정 거즈 패드 70매 리필 기획 (+70매 리필),더마토리[쿨링진정] 더마토리 시카 PDRN 흔적 진정 거즈 패드 70매 리필 기획 (+70매 리필),39000.0,25300.0,35.1
skin_pad,70,마녀공장비피다 바이옴 앰플 패드,4.61,3269,마녀공장비피다 바이옴 앰플 패드,1,마녀공장,마녀공장 비피다 바이옴 앰플 패드 70매,마녀공장마녀공장 비피다 바이옴 앰플 패드 70매,24000.0,24000.0,0.0
skin_pad,71,라운드랩소나무 진정 시카 패드,4.45,733,라운드랩소나무 진정 시카 패드,1,라운드랩,[쿨링/결진정] 라운드랩 소나무 진정 시카 패드 50매,라운드랩[쿨링/결진정] 라운드랩 소나무 진정 시카 패드 50매,25000.0,17500.0,30.0
skin_pad,72,더마토리히알루론 수분샘 엠보패드,4.57,37,더마토리히알루론 수분샘 엠보패드,1,더마토리,[수분충전/리뉴얼] 더마토리 히알루론 수분샘 엠보 토너패드 60매+10매 기획,더마토리[수분충전/리뉴얼] 더마토리 히알루론 수분샘 엠보 토너패드 60매+10매 기획,26000.0,26000.0,0.0
skin_pad,73,이즈앤트리초저분자 히아루론산 징크 쿨링 패드,4.66,154,이즈앤트리초저분자 히아루론산 징크 쿨링 패드,1,이즈앤트리,[NCT 재민PICK/쿨링진정] 이즈앤트리 초저분자 히아루론산 징크 쿨링 패드 60매,이즈앤트리[NCT 재민PICK/쿨링진정] 이즈앤트리 초저분자 히아루론산 징크 쿨링 패드 60매,24000.0,16500.0,31.2
skin_pad,74,나드어성초 아하 바하 파하 필링 패드,4.51,51,나드어성초 아하 바하 파하 필링 패드,0,,,,,,
skin_pad,75,피캄베리어사이클 토너패드,4.41,1026,피캄베리어사이클 토너패드,1,피캄,[화해 트러블1위] 피캄 베리어 사이클 토너 패드 60매,피캄[화해 트러블1위] 피캄 베리어 사이클 토너 패드 60매,26500.0,17220.0,35.0
skin_pad,76,아비브그린 LHA 모공 패드 클리어 터치,4.5,46,아비브그린 LHA 모공 패드 클리어 터치,1,아비브,[청정모공] 아비브 그린 LHA 모공 패드 클리어 터치 60매,아비브[청정모공] 아비브 그린 LHA 모공 패드 클리어 터치 60매,24000.0,24000.0,0.0
skin_pad,77,스킨푸드블루 캐모마일 히알루로닉 패드,4.69,16,스킨푸드블루 캐모마일 히알루로닉 패드,0,,,,,,
skin_pad,78,라움비포어 밸런스 수분 패드,4.6,197,라움비포어 밸런스 수분 패드,0,,,,,,
skin_pad,79,이니스프리비타C 그린티 엔자임 잡티 토닝 패드,4.45,146,이니스프리비타C 그린티 엔자임 잡티 토닝 패드,0,,,,,,
skin_pad,80,스킨푸드샤인머스캣 시카 바하 토너패드,4.34,107,스킨푸드샤인머스캣 시카 바하 토너패드,0,,,,,,
skin_pad,81,초록초롱비건 허브 각질 피지케어 제주 페퍼민트 토너패드,4.67,622,초록초롱비건 허브 각질 피지케어 제주 페퍼민트 토너패드,0,,,,,,
skin_pad,82,밀바랩충청 허브 진정 토너 패드,4.67,415,밀바랩충청 허브 진정 토너 패드,0,,,,,,
skin_pad,83,수올림탄닌 시카 투웨이 토너패드,4.35,46,수올림탄닌 시카 투웨이 토너패드,0,,,,,,
skin_pad,84,앤디얼센텔라 인 시카 카밍 패드,4.55,468,앤디얼센텔라 인 시카 카밍 패드,0,,,,,,
skin_pad,85,메디힐비타마이드 잡티 패드,4.37,337,메디힐비타마이드 잡티 패드,0,,,,,,
skin_pad,86,더랩바이블랑두올리고 히알루론산 7 멀티 포뮬라 패드,4.49,1706,더랩바이블랑두올리고 히알루론산 7 멀티 포뮬라 패드,1,더랩바이블랑두,[데일리수분패드]더랩바이블랑두 올리고 히알루론산 7 멀티 포뮬라 패드 60매 기획 (+10매),더랩바이블랑두[데일리수분패드]더랩바이블랑두 올리고 히알루론산 7 멀티 포뮬라 패드 60매 기획 (+10매),28000.0,28000.0,0.0
skin_pad,87,파티온노스카나인 트러블 패드,4.36,28,파티온노스카나인 트러블 패드,1,파티온,[여드름기능성] 파티온 노스카나인 트러블 패드 60매,파티온[여드름기능성] 파티온 노스카나인 트러블 패드 60매,22000.0,22000.0,0.0
skin_pad,88,셀퓨전씨모공 톡스 패드,4.46,1232,셀퓨전씨모공 톡스 패드,1,셀퓨전씨,[즉각모공축소/데일리필링] 셀퓨전씨 트리악 모공톡스 패드 (60매),셀퓨전씨[즉각모공축소/데일리필링] 셀퓨전씨 트리악 모공톡스 패드 (60매),16500.0,15100.0,8.5
skin_pad,89,넘버즈인5번 글루타치온C 흔적 필름패드,4.29,261,넘버즈인5번 글루타치온C 흔적 필름패드,0,,,,,,
skin_pad,90,셀리맥스브라이트닝 모공잡티 팩패드,4.43,69,셀리맥스브라이트닝 모공잡티 팩패드,1,셀리맥스,[수분결광/TXA] 셀리맥스 트라넥삼산 브라이트닝 잡티 패드 40매 기획 (+10매),셀리맥스[수분결광/TXA] 셀리맥스 트라넥삼산 브라이트닝 잡티 패드 40매 기획 (+10매),20000.0,15900.0,20.5
skin_pad,91,메디필물톡스 광채 보습 패드 2.0,4.26,68,메디필물톡스 광채 보습 패드 2.0,0,,,,,,
skin_pad,92,브링그린대나무히알루수분부스팅토너패드,4.36,42,브링그린대나무히알루수분부스팅토너패드,0,,,,,,
skin_pad,93,셀퓨전씨진로 에디션 포스트 알파 쿨링 패드,4.84,43,셀퓨전씨진로 에디션 포스트 알파 쿨링 패드,0,,,,,,
skin_pad,94,이니스프리레티놀 시카 흔적 패드,4.36,50,이니스프리레티놀 시카 흔적 패드,0,,,,,,
skin_pad,95,커버앤커버애플민트 패드 3분팩,4.5,611,커버앤커버애플민트 패드 3분팩,0,,,,,,
skin_pad,96,마녀공장히더 카밍 에센스 패드,4.58,2078,마녀공장히더 카밍 에센스 패드,0,,,,,,
skin_pad,97,메디큐브엑소좀시카 진정 패드,3.96,253,메디큐브엑소좀시카 진정 패드,0,,,,,,
skin_pad,98,메디힐당근 수분 진정 패드,4.42,149,메디힐당근 수분 진정 패드,0,,,,,,
skin_pad,99,일소어성초.밀착 진정 패드,4.69,51,일소어성초.밀착 진정 패드,0,,,,,,
skin_pad,100,일루미엘소프트 리프팅 감태 패드,4.51,512,일루미엘소프트 리프팅 감태 패드,0,,,,,,
