category,hwahae_rank,product_name,hwahae_rating,hwahae_review
skin_toner,1,에스네이처아쿠아 오아시스 토너,4.74,27245
skin_toner,2,토리든다이브인 저분자 히알루론산 토너,4.7,34786
skin_toner,3,토니모리세라마이드 모찌 토너,4.69,17493
skin_toner,4,라운드랩1025 독도 토너,4.43,94669
skin_toner,5,이즈앤트리초저분자 히아루론산 토너,4.7,9436
skin_toner,6,라보레브피치마이크로바이옴 78 피디알엔 토너,4.61,1845
skin_toner,7,비그린무알콜 뮤신 에센스 토너,4.65,3143
skin_toner,8,인요에세라마이드 쌀 그리미 밀크 토너,4.71,675
skin_toner,9,코스노리판테놀 베리어 토너,4.73,3391
skin_toner,10,아누아어성초 77 수딩 토너,4.49,2107
skin_toner,11,더랩바이블랑두올리고 히알루론산 딥 토너,4.73,4394
skin_toner,12,닥터트웬티프로젝트나인 토너,4.64,2084
skin_toner,13,이플미하이드라 셀 부스팅 토너,4.67,1515
skin_toner,14,닥터지레드 블레미쉬 10-시카 캡슐 수딩 토너,4.74,403
skin_toner,15,마몽드플로라글로우 로즈 리퀴드 마스크,4.47,1445
skin_toner,16,프리메이어성초 진정해 수분 토너,4.68,3681
skin_toner,17,웰라쥬리얼 히알루로닉 토너,4.7,1481
skin_toner,18,토리든다이브인 저분자 히알루론산 스킨부스터,4.64,3150
skin_toner,19,비플레인녹두 모공 클리어링 라하 토너,4.62,651
skin_toner,20,로티리프루미 하이드레이팅 토너,4.58,500
skin_toner,21,마녀공장비피다 바이옴 앰플 토너,4.57,10181
skin_toner,22,라네즈크림 스킨 세라펩타이드™ 리파이너,4.61,1622
skin_toner,23,바이오더마하이드라비오 에센스 로션,4.33,3548
skin_toner,24,아비브어성초 카밍 토너 스킨 부스터,4.52,1405
skin_toner,25,비플레인시카테롤 토너,4.71,2611
skin_toner,26,바이오더마하이드라비오 토너,4.38,2537
skin_toner,27,아누아피디알엔 100 히알루론산 부스터 토너,4.67,219
skin_toner,28,넘버즈인1번 진정 맑게담은 청초토너,4.56,1717
skin_toner,29,브링그린티트리 시카 수딩 토너,4.4,490
skin_toner,30,시드물오리지널 웰빙 녹차스킨,4.28,18636
skin_toner,31,셀라딕스히알루로닉 인텐스 토너,4.78,201
skin_toner,32,싸이닉더 심플 카밍 토너,4.41,15350
skin_toner,33,에스트라아토베리어365 캡슐 토너,4.72,102
skin_toner,34,토리든밸런스풀 시카 각질 토너,4.54,764
skin_toner,35,YBK세라마이드 릴리프 하이드레이션 토너,4.61,109
skin_toner,36,마녀공장판테토인 에센스 토너,4.65,959
skin_toner,37,닥터지레드 블레미쉬 클리어 수딩 토너,4.35,2446
skin_toner,38,프리메이진정한 수분 토너,4.65,194
skin_toner,39,브이티코스메틱PDRN 광채토너,4.49,132
skin_toner,40,히디프로얄 레이어링 버블토너,4.52,468
skin_toner,41,에뛰드순정 약산성 5.5 진정 토너,4.3,13440
skin_toner,42,라운드랩소나무 진정 시카 토너,4.58,578
skin_toner,43,파티온포도당 하이드로 에센스토너,4.61,236
skin_toner,44,땡큐파머피토 릴리풀™ 시카 부스팅 토너,4.69,772
skin_toner,45,이즈앤트리체스트넛 바하 0.9% 클리어 토너,4.59,115
skin_toner,46,라운드랩약콩 판테놀 토너,4.71,102
skin_toner,47,메이크프렘인테카 진정 토너,4.66,680
skin_toner,48,라운드랩자작나무 수분 토너,4.5,2529
skin_toner,49,아브카히알루론산 모공 토너,4.41,172
skin_toner,50,마일드랩리얼블루센텔라 아줄렌 에센스 토너,4.61,106
skin_toner,51,에스트라에이시카365 수분토너 pH4.5,4.6,73
skin_toner,52,일리윤세라마이드 아토 속보습 스킨,4.6,548
skin_toner,53,딕셔니스트아미노산 토너,4.59,2976
skin_toner,54,비플레인캐모마일 약산성 토너,4.5,7589
skin_toner,55,원씽병풀 추출물 토너,4.49,4078
skin_toner,56,에스트라테라크네365 하이드로 액티브 토너,4.41,182
skin_toner,57,코스알엑스풀핏 프로폴리스 시너지 토너,4.47,2585
skin_toner,58,원씽어성초 추출물 토너,4.49,5676
skin_toner,59,아브카딥 모이스처 세라마이드 크림 토너,4.61,33
skin_toner,60,잇츠스킨스네일 콜라겐 액티브 토너,4.85,48
skin_toner,61,에뛰드순정 약산성 5.5 진정 토너,4.3,13440
skin_toner,62,라운드랩소나무 진정 시카 토너,4.58,578
skin_toner,63,파티온포도당 하이드로 에센스토너,4.61,236
skin_toner,64,땡큐파머피토 릴리풀™ 시카 부스팅 토너,4.69,772
skin_toner,65,이즈앤트리체스트넛 바하 0.9% 클리어 토너,4.59,115
skin_toner,66,라운드랩약콩 판테놀 토너,4.71,102
skin_toner,67,메이크프렘인테카 진정 토너,4.66,680
skin_toner,68,라운드랩자작나무 수분 토너,4.5,2529
skin_toner,69,아브카히알루론산 모공 토너,4.41,172
skin_toner,70,마일드랩리얼블루센텔라 아줄렌 에센스 토너,4.61,106
skin_toner,71,에스트라에이시카365 수분토너 pH4.5,4.6,73
skin_toner,72,일리윤세라마이드 아토 속보습 스킨,4.6,548
skin_toner,73,딕셔니스트아미노산 토너,4.59,2976
skin_toner,74,비플레인캐모마일 약산성 토너,4.5,7589
skin_toner,75,원씽병풀 추출물 토너,4.49,4078
skin_toner,76,에스트라테라크네365 하이드로 액티브 토너,4.41,182
skin_toner,77,코스알엑스풀핏 프로폴리스 시너지 토너,4.47,2585
skin_toner,78,원씽어성초 추출물 토너,4.49,5676
skin_toner,79,아브카딥 모이스처 세라마이드 크림 토너,4.61,33
skin_toner,80,잇츠스킨스네일 콜라겐 액티브 토너,4.85,48
skin_toner,81,세로랩스수딩 토너,4.51,1006
skin_toner,82,브이티코스메틱피디알엔 토너,4.83,12
skin_toner,83,쓰리노프데일리 컨셔스 토너,4.64,360
skin_toner,84,파티온노스카나인 트러블 클리어 토너,4.54,865
skin_toner,85,아누아복숭아 77 나이아신 에센스 토너,4.47,133
skin_toner,86,백아율모이스처 밸런싱 토너,4.75,1593
skin_toner,87,마데카21테카 솔루션 수딩 미스트 토너,4.38,165
skin_toner,88,카이네라벤더 PDRN 리바이탈라이징 토너,4.6,646
skin_toner,89,셀라딕스트러블 쿨 카밍 131 토너,4.6,195
skin_toner,90,조선미녀맑은쌀채운토너,4.57,818
skin_toner,91,코스알엑스아하/바하 클래리파잉 토너 미스트,4.32,4607
skin_toner,92,메디힐티트리 진정 수분 토너,4.63,260
skin_toner,93,싸이닉히아루론산 앰플 스킨,4.47,2036
skin_toner,94,설화수윤조에센스,4.6,237
skin_toner,95,한율어린쑥 수분진정 토너,4.54,307
skin_toner,96,땡큐파머강화 교동쌀 맑음 에센셜 토너,4.62,545
skin_toner,97,이즈앤트리히아루론산 토너,4.13,14012
skin_toner,98,이니스프리레티놀 PDRN 스킨부스터 토너,4.57,138
skin_toner,99,풀리쌀 세라 에센스 토너,4.44,72
skin_toner,100,달바비타 토닝 세럼 토너,4.55,240
lotion_emulsion,1,일리윤세라마이드 아토 로션,4.79,2207
lotion_emulsion,2,아토팜수딩 젤 로션,4.75,2589
lotion_emulsion,3,에스트라아토베리어365 로션,4.67,2650
lotion_emulsion,4,아토팜MLE 로션,4.74,5115
lotion_emulsion,5,싸이닉더 심플 데일리 로션,4.43,23855
lotion_emulsion,6,라운드랩1025 독도 로션,4.31,26903
lotion_emulsion,7,레스케미갈락토미세스 더마로션,4.7,604
lotion_emulsion,8,코스노리판테놀 베리어 에멀전,4.66,1335
lotion_emulsion,9,라운드랩소나무 진정 시카 로션,4.56,1082
lotion_emulsion,10,온그리디언츠스킨 베리어 카밍 로션,4.39,1184
lotion_emulsion,11,러베5중 세라마이드 로션,4.72,306
lotion_emulsion,12,세타필모이스춰라이징 로션,4.5,1763
lotion_emulsion,13,브링그린블루빈 B5-PDRN 마일드 로션,4.58,463
lotion_emulsion,14,더마비세라엠디 리페어 로션,4.62,1334
lotion_emulsion,15,퓨어솜서양송악 순수 로션,4.69,526
lotion_emulsion,16,피지오겔DMT 페이셜 로션,4.15,13090
lotion_emulsion,17,YBK세라마이드 릴리프 하이드레이션 에멀젼,4.63,109
lotion_emulsion,18,시드물울트라 수분 로션 [무향],4.2,7881
lotion_emulsion,19,제로이드수딩 로션,4.27,2532
lotion_emulsion,20,아토팜판테놀 로션,4.86,21
lotion_emulsion,21,닥터지더모이스처 배리어.D 데일리 로션,4.36,571
lotion_emulsion,22,스킨웨이비탄탄 모공 펩타노산™ 단백질 로션,4.6,429
lotion_emulsion,23,한율어린쑥 수분진정 플루이드,4.56,348
lotion_emulsion,24,아누아어성초 77 히알루론산 수분 진정 로션,4.73,11
lotion_emulsion,25,에스트라아토베리어 로션,4.73,291
lotion_emulsion,26,세라베라아토 판테놀 로션,4.74,458
lotion_emulsion,27,바론시에엑토인 로션,4.63,458
lotion_emulsion,28,제로이드인텐시브 로션,4.34,1146
lotion_emulsion,29,와더스킨브리즈 에센스 플루이드 로션,4.53,62
lotion_emulsion,30,닥터지레드 블레미쉬 밸런싱 에센스 플루이드,4.56,128
lotion_emulsion,31,에스네이처블랑쉬로션,4.33,756
lotion_emulsion,32,에뛰드순정 10무 수분 에멀전,4.41,110
lotion_emulsion,33,잇츠스킨스네일 콜라겐 액티브 에멀전,4.7,43
lotion_emulsion,34,세타필세라마이드 리페어 로션,4.36,11
lotion_emulsion,35,피지오겔레드수딩 AI 로션,4.25,1319
lotion_emulsion,36,아렌시아레드 스무디 로션 5,4.64,76
lotion_emulsion,37,리얼베리어익스트림 로션,4.46,318
lotion_emulsion,38,이니스프리비자 트러블 로션,4.16,426
lotion_emulsion,39,시드물아토로션,4.16,2632
lotion_emulsion,40,뉴트로지나인텐스 리페어 시카 에멀젼 [무향],4.58,301
lotion_emulsion,41,엠디스픽무향 바리스타 리페어 페이스 앤 바디로션,4.63,290
lotion_emulsion,42,마녀공장비피다 바이옴 앰플 로션,4.38,783
lotion_emulsion,43,수이스킨어린 새싹 수분 밸런싱 로션,4.54,147
lotion_emulsion,44,이니스프리블루베리 리밸런싱 로션,4.6,20
lotion_emulsion,45,일소데일리 모이스처 로션,4.59,188
lotion_emulsion,46,닥터지블랙 스네일 에멀전,4.54,39
lotion_emulsion,47,벨프리모아토 로션,4.57,431
lotion_emulsion,48,트리마이제주 말차 로우 피에이치 수딩 에멀전 크림,4.43,516
lotion_emulsion,49,이노앙수딩 젤 로션,4.59,413
lotion_emulsion,50,토니모리원더 세라마이드 모찌 에멀전,4.43,49
lotion_emulsion,51,디오디너리나이아신아마이드 5% 페이스 앤 바디 에멀전,4.42,36
lotion_emulsion,52,제이준오크라 피토 뮤신 에센스 로션,4.77,31
lotion_emulsion,53,더랩바이블랑두올리고 히알루론산 카밍+ 로션,4.26,528
lotion_emulsion,54,달바비타 토닝 세럼 로션,4.55,112
lotion_emulsion,55,코스알엑스오일 프리 울트라 모이스쳐라이징 로션,4.44,45
lotion_emulsion,56,헤라시그니아 에센셜 밸런싱 에멀젼,4.86,21
lotion_emulsion,57,시드물울트라 수분 로션 [주니퍼향],4.64,22
lotion_emulsion,58,온그리디언츠스킨 베리어 카밍 로션 EX,4.26,84
lotion_emulsion,59,디오디너리그랜액티브 레티노이드 2％ 에멀전,4.59,39
lotion_emulsion,60,딕셔니스트아미노산 로션,4.58,223
lotion_emulsion,61,이니스프리그린티 히알루론산 로션,3.99,294
lotion_emulsion,62,닥터자르트세라마이딘™ 스킨 베리어 모이스처라이징 밀키 로션,4.5,16
lotion_emulsion,63,더순수AC 컨트롤 로션,4.61,44
lotion_emulsion,64,오울루버치 아토 모이스처 로션,4.66,874
lotion_emulsion,65,바세린인텐시브 케어 센서티브 릴리프 로션,4.7,10
lotion_emulsion,66,싸이닉히아루론산 로션,4.23,115
lotion_emulsion,67,아누아복숭아 77 나이아신 컨디셔닝 밀크,4.31,45
lotion_emulsion,68,세라비(해외) 데일리 모이스처라이징 로션,4.37,120
lotion_emulsion,69,이즈앤트리알로에 수딩 에멀전,4.04,179
lotion_emulsion,70,하다라보프리미엄 하이드레이팅 로션,4.57,14
lotion_emulsion,71,무인양품보습충전 로션,4.1,10
lotion_emulsion,72,바이오가밀크 프로틴 로션,4.32,75
lotion_emulsion,73,락토덤피부에 유익한 생보습 바디로션,4.45,49
lotion_emulsion,74,닥터자르트시카페어™ 인텐시브 수딩 리페어 밀키 로션,4.4,10
lotion_emulsion,75,아벤느트릭세라 로션,4.2,200
lotion_emulsion,76,유아른비건 올인원 로션,4.57,141
lotion_emulsion,77,폴라초이스10% 아하 각질제거 바디로션,4.3,338
lotion_emulsion,78,마녀공장갈락토미 모이스처 로션,4.3,79
lotion_emulsion,79,프리메라오가니언스 베리어 리페어 하이드레이션 크림 에멀젼,4.43,49
lotion_emulsion,80,하다라보고쿠쥰 밀크,4.35,289
lotion_emulsion,81,라네즈워터뱅크 블루 히알루로닉 에멀젼 [지·복합용],4.63,19
lotion_emulsion,82,이니스프리블랙티 유스 인핸싱 로션,4.43,102
lotion_emulsion,83,스킨아이AC퓨어 에센셜 로션,4.71,97
lotion_emulsion,84,에뛰드수분가득 콜라겐 에멀전,4.46,453
lotion_emulsion,85,헤라하이드로 리플렉팅 플루이드,4.68,22
lotion_emulsion,86,시드물웰빙 녹차 판테놀 로션,4.43,14
lotion_emulsion,87,닥터지레드 블레미쉬 클리어 수딩 에멀전,4.57,49
lotion_emulsion,88,시드물닥터트럽 마일드 로션,3.85,275
lotion_emulsion,89,투데이위드소프트 모이스쳐 판테놀 5% 에센스 로션,4.45,20
lotion_emulsion,90,피지오겔프로 리스토어링 로션,4.53,72
lotion_emulsion,91,셀퓨전씨엑스퍼트배리덤 인텐시브 로션,4.44,18
lotion_emulsion,92,시슬리에뮐씨옹 에꼴로지끄 어드밴스드 포뮬라,4.27,96
lotion_emulsion,93,마몽드프로바이오틱스 세라마이드 에멀전,4.46,63
lotion_emulsion,94,아이보들로션,4.56,25
lotion_emulsion,95,세라비(해외) PM 페이셜 모이스처라이징 로션,4.26,360
lotion_emulsion,96,닥터바이오센시티브 로션 앤 오일,4.54,13
lotion_emulsion,97,피캄카토 수딩 로션,4.16,19
lotion_emulsion,98,아이오페슈퍼바이탈 에멀젼,4.41,22
lotion_emulsion,99,팜트리데일리케어 로션 [플로럴그린],4.7,23
lotion_emulsion,100,셀브릭스킨릴리프 로션,4.68,47
serum_ampoule,1,토리든다이브인 저분자 히알루론산 세럼,4.61,82723
serum_ampoule,2,아누아PDRN 히알루론산 캡슐 100 세럼,4.61,11967
serum_ampoule,3,웰라쥬리얼 히알루로닉 블루 100 앰플,4.66,32864
serum_ampoule,4,레이어랩니오좀 판테놀 5% 세럼,4.64,1089
serum_ampoule,5,아비브히알루로닉 붐 세럼 워터 드롭,4.57,1037
serum_ampoule,6,에스네이처아쿠아 스쿠알란 세럼,4.71,11268
serum_ampoule,7,이니스프리레티놀 시카 흔적 앰플,4.42,6393
serum_ampoule,8,메디큐브제로 모공 원데이 펩타이드 세럼,4.57,993
serum_ampoule,9,라보레브피치마이크로바이옴 84 이지에프 세럼,4.49,2530
serum_ampoule,10,앰플엔세라마이드샷 앰플,4.53,9655
serum_ampoule,11,라셀틱스스킨 리커버리 펩타톡스 앰플,4.6,1209
serum_ampoule,12,메디힐마데카소사이드 흔적 리페어 세럼,4.36,8855
serum_ampoule,13,네이처리퍼블릭루트베리어 리페어 세럼,4.47,982
serum_ampoule,14,에스네이처아쿠아 콜라겐 펩타이드 트리플 젤 에센스,4.64,18611
serum_ampoule,15,메디힐피디알엔 모공 탄력 세럼,4.52,2126
serum_ampoule,16,쓰리노프데일리 컨셔스 세럼,4.62,2179
serum_ampoule,17,코스알엑스더 6 펩타이드 스킨 부스터 세럼,4.64,4333
serum_ampoule,18,에스트라아토베리어365 하이드로 에센스,4.63,2867
serum_ampoule,19,파티온노스카나인 트러블 세럼,4.51,10266
serum_ampoule,20,토리든밸런스풀 시카 진정 세럼,4.63,6997
serum_ampoule,21,에스네이처화이트 글로우 앰플,4.56,3672
serum_ampoule,22,프리메이진정한 수분세럼,4.69,667
serum_ampoule,23,셀라딕스트러블 세범 리밸런싱 131 앰플,4.32,3299
serum_ampoule,24,비플레인시카테롤 앰플,4.61,8777
serum_ampoule,25,스킨앤랩베리어덤 링거 앰플,4.64,3086
serum_ampoule,26,아렌시아레드 스무디 세럼 30,4.37,2249
serum_ampoule,27,린제이엄청 큰 멀티 앰플 [보습],4.51,2616
serum_ampoule,28,비플레인녹두 모공 타이트업 세럼,4.46,5091
serum_ampoule,29,더마토리나이아샷 플러스 IPMP 트러블 블랙 세럼,4.52,393
serum_ampoule,30,에이에스씨이플러스카밍앰플 프로,4.54,595
serum_ampoule,31,라운드랩소나무 진정 시카 앰플,4.47,6921
serum_ampoule,32,더마팩토리나이아신아마이드 20% 세럼,4.47,369
serum_ampoule,33,메디힐티트리 진정 수분 앰플,4.61,5758
serum_ampoule,34,리더스PDRN 5% 액티브 앰플,4.63,782
serum_ampoule,35,비플레인시카 PDRN 스킨 부스터 세럼,4.56,1432
serum_ampoule,36,팔색미인5D 히알루론산 세럼,4.58,583
serum_ampoule,37,마몽드카밍 샷 아줄렌 흔적 수분 앰플,4.41,1592
serum_ampoule,38,믹순히알레배 포어 버블 세럼,4.49,658
serum_ampoule,39,웰라쥬리얼 시카 카밍 95 트러블 앰플,4.6,3121
serum_ampoule,40,에센시엘하이드라 포르테 앰플,4.41,840
serum_ampoule,41,넘버즈인1번 판토텐산 액티브업 수딩세럼,4.33,1297
serum_ampoule,42,토리든밸런스풀 시카 컨트롤 세럼,4.35,889
serum_ampoule,43,다자연어성초 케어 세럼,4.55,12605
serum_ampoule,44,아비브어성초 테카 캡슐 세럼 카밍 드롭,4.28,1217
serum_ampoule,45,아누아어성초 80 수분 진정 앰플,4.43,553
serum_ampoule,46,딕셔니스트아미노산 앰플,4.6,4794
serum_ampoule,47,마녀공장비피다 바이옴 콤플렉스 앰플,4.56,3191
serum_ampoule,48,글로우풀시카 바하 카밍 세럼,4.45,596
serum_ampoule,49,로포에베러 밸런스 앰플,4.65,1304
serum_ampoule,50,토리든셀메이징 비타C 브라이트닝 앰플,4.56,1227
serum_ampoule,51,리브엠엑소코어 텐션 앰플 [워터풀],4.57,3458
serum_ampoule,52,토코보시카 카밍 세럼,4.66,1953
serum_ampoule,53,잇츠스킨파워10 감초줄렌 이펙터 [수분진정],4.58,3299
serum_ampoule,54,코스알엑스더 나이아신아마이드 15 세럼,4.55,995
serum_ampoule,55,브링그린징크테카 트러블 세럼,4.27,4453
serum_ampoule,56,라운드랩자작나무 수분 앰플,4.59,1348
serum_ampoule,57,오어스히알루론시카 7초 세럼 인 앰플,4.59,632
serum_ampoule,58,이니스프리레티놀 PDRN 스킨부스터 앰플,4.57,643
serum_ampoule,59,에스트라아토베리어365 세라-히알 속수분 앰플,4.48,487
serum_ampoule,60,성분에디터그린토마토 NMN 포어 리프팅 앰플,4.3,378
serum_ampoule,61,넘버즈인5번 글루타치온C 흔적 앰플,4.32,943
serum_ampoule,62,브이티코스메틱리들샷 100,4.36,1516
serum_ampoule,63,주미소히알루론산 워터 플럼핑 수분 세럼,4.62,1135
serum_ampoule,64,유이크바이옴 베리어 파하 결 앰플,4.52,1004
serum_ampoule,65,닥터트웬티프로젝트나인 세럼,4.57,740
serum_ampoule,66,파넬시카마누 92세럼,4.28,1039
serum_ampoule,67,비그린무향 시카 세럼,4.56,1480
serum_ampoule,68,아누아나이아신아마이드 10 TXA 4 다크 스팟 코렉팅 세럼,4.31,436
serum_ampoule,69,한율어린쑥 속수분 쑥히알 세럼,4.53,402
serum_ampoule,70,포레스트피톤 수분시카 세럼,4.53,2443
serum_ampoule,71,아페리레비 프로즌 포어 앰플,4.52,1188
serum_ampoule,72,밀바랩제주 용암해수 보습 앰플 에센스,4.62,847
serum_ampoule,73,이즈앤트리초저분자 히아루론산 세럼,4.64,1737
serum_ampoule,74,코스알엑스더 알파-알부틴 2 디스컬러레이션 케어 세럼,4.51,599
serum_ampoule,75,셀리맥스노니 에너지 앰플,4.59,570
serum_ampoule,76,디어클레어스미드나잇 블루 유스 액티베이팅 드롭,4.49,865
serum_ampoule,77,스킨1004마다가스카르 센텔라 앰플,4.52,481
serum_ampoule,78,브이티코스메틱피디알엔 에센스 100,4.5,247
serum_ampoule,79,소미블루밍 포어 케어 앰플,4.54,714
serum_ampoule,80,웰라쥬하이퍼 펩타이드 보툴리들 앰플,4.56,803
serum_ampoule,81,더마펌펩트올로지 부스팅 앰플 레티노이드,4.42,815
serum_ampoule,82,디오디너리나이아신아마이드 10％ + 징크 1％,4.1,3508
serum_ampoule,83,이니스프리비타민C 세럼,4.31,765
serum_ampoule,84,구달청귤 비타C 잡티 케어 세럼 알파,4.27,398
serum_ampoule,85,스킨푸드로열허니 프로폴리스 인리치 에센스,4.42,4304
serum_ampoule,86,아이오페레티놀 슈퍼바운스 세럼,4.57,373
serum_ampoule,87,달바화이트 트러플 더블 세럼 앤 크림,4.72,3927
serum_ampoule,88,코스알엑스어드밴스드 더 비타민 C 23 세럼,4.45,109
serum_ampoule,89,다자연블루 아가베 포어 세럼,4.62,1678
serum_ampoule,90,YBK핑크 글로우 듀얼 캡슐 앰플 3X,4.49,399
serum_ampoule,91,디마프히어로 마이 퍼스트 세럼 a.k.a. 만능기초,4.58,325
serum_ampoule,92,에스트라리제덤365 모공탄력 캡슐세럼,4.55,636
serum_ampoule,93,아이소이브라이트닝 카밍 스팟 세럼,4.43,168
serum_ampoule,94,토니모리원더 히알루론산 촉촉 앰플,4.46,413
serum_ampoule,95,듀이트리AC 딥 장벽 진정 보습 앰플,4.38,101
serum_ampoule,96,닥터나인틴포어엑스좀 레디알엔 엑소좀 앰플,4.46,1000
serum_ampoule,97,에스트라에이시카365 흔적진정세럼 pH4.5,4.4,280
serum_ampoule,98,베르가모밤부캡슐 수딩 세럼,4.57,1312
serum_ampoule,99,닥터지레드 블레미쉬 클리어 수딩 액티브 에센스,4.33,201
serum_ampoule,100,아비브글루타치온좀 잡티 세럼 비타 드롭,4.29,262
cream,1,에스트라아토베리어365 크림,4.68,17118
cream,2,웰라쥬리얼 히알루로닉 수딩 크림,4.64,3722
cream,3,에스네이처아쿠아 스쿠알란 수분크림,4.58,41843
cream,4,토리든다이브인 저분자 히알루론산 수딩 크림,4.68,26096
cream,5,아누아PDRN 히알루론산 100 수분 크림,4.65,4902
cream,6,토리든다이브인 저분자 히알루론산 크림,4.61,25184
cream,7,비플레인녹두 모공 타이트업 수딩 크림,4.58,6027
cream,8,닥터지레드 블레미쉬 클리어 수딩 크림,4.39,42837
cream,9,닥터지레드 블레미쉬 클리어 수딩 크림 EX,4.68,43498
cream,10,에코미니멀데일리 페이셜 크림,4.69,873
cream,11,셀린저더마 배리어 P 크림,4.65,1003
cream,12,아토팜판테놀 크림,4.75,1550
cream,13,프리메이진정한 수분크림,4.59,5845
cream,14,라비앙엑토덤 액티브 베리어 크림,4.53,1307
cream,15,메이크프렘인테카 수딩 크림,4.61,6814
cream,16,아이소이모이스춰 닥터 크림,4.53,3595
cream,17,바이오더마시카비오 크림+,4.55,941
cream,18,아토팜MLE 크림,4.76,4612
cream,19,토리든밸런스풀 시카 진정 크림,4.59,4828
cream,20,시드물마다가스카르 리얼 수분크림,4.33,12150
cream,21,쓰리노프데일리 컨셔스 크림,4.61,819
cream,22,리브엠시카좀 카밍 워터 젤 크림,4.63,2632
cream,23,라보레브피치마이크로바이옴 10 엑소좀 크림,4.4,774
cream,24,구달어성초 히알루론 수딩 크림,4.65,2188
cream,25,리더스그린 콜라겐 아이크림 포 페이스,4.61,2622
cream,26,피지오겔DMT 페이셜크림,4.21,25998
cream,27,라운드랩자작나무 수분 크림,4.38,18262
cream,28,파티온노스카나인 트러블 크림,4.5,2454
cream,29,바론시에엑토인 크림,4.69,2331
cream,30,코스알엑스더 세라마이드 스킨 베리어 모이스처라이저,4.62,557
cream,31,바이오더마아토덤 울트라 크림,4.53,1252
cream,32,리쥬베닐리페어 PDRN 1500 크림,4.44,1040
cream,33,ICD래디언솜™100 마이크로플루다이저 크림,4.46,1000
cream,34,바이오더마아토덤 인텐시브밤,4.53,1729
cream,35,아비브히알루로닉 붐 크림 워터 튜브,4.63,224
cream,36,웰라쥬리얼 히알루로닉 100 크림,4.57,2627
cream,37,토리든솔리드인 세라마이드 크림,4.64,329
cream,38,블레쥬아토지 세라 피부 장벽 크림,4.79,684
cream,39,더하르나이시카이드 크림,4.45,1301
cream,40,제로이드인텐시브 크림,4.39,4123
cream,41,닥터지더모이스처 배리어.D 인텐스 크림,4.63,965
cream,42,일리윤레드이치 케어크림,4.75,834
cream,43,어바웃미숲 진정 수분 크림,4.62,4074
cream,44,스킨푸드블루 캐모마일 히알루로닉 크림,4.62,624
cream,45,토니모리어성초시카 쿨링 수분 크림,4.38,1284
cream,46,제나벨PDRN 리쥬비네이팅 크림,4.61,1101
cream,47,싸이닉병풀 PDRN 시카 엔드 수딩 크림,4.52,391
cream,48,달바비타 토닝 캡슐 크림,4.64,962
cream,49,리브엠워터핏 8중 수분착붙 크림,4.63,1511
cream,50,에스트라아토베리어365 하이드로 수딩크림,4.78,109
cream,51,바이오더마시카비오 포마드,4.28,3582
cream,52,리얼베리어익스트림 크림,4.27,12350
cream,53,브링그린티트리 시카 수딩 크림 플러스,4.34,1765
cream,54,마녀공장비피다 바이옴 아쿠아 베리어 크림,4.46,1193
cream,55,제로이드수딩 크림,4.26,3809
cream,56,라로슈포제시카플라스트 멀티 리페어 크림 B5,4.23,1394
cream,57,더리즈리코테카 진정 수분 크림,4.5,1486
cream,58,다자연어성초 진정 수딩 크림,4.68,2721
cream,59,마녀공장판테토인 크림,4.65,1513
cream,60,아비브부활초 크림 뉴트리션 튜브,4.47,1271
cream,61,스킨앤랩베리어덤 인텐시브 크림,4.54,1864
cream,62,닥터지레드 블레미쉬 클리어 크림,4.52,1319
cream,63,센텔리안24더 마데카 크림,4.43,1208
cream,64,리얼베리어워터리 히알 크림,4.57,524
cream,65,토리든셀메이징 저분자 콜라겐 탄력 크림,4.61,677
cream,66,라운드랩약콩 판테놀 크림,4.47,543
cream,67,이니스프리레티놀 시카 흔적 장벽 크림,4.55,1003
cream,68,센텔리안24마데카크림 타임리버스,4.46,446
cream,69,코스알엑스더 레티놀 0.1 크림,4.52,1280
cream,70,메디힐마데카소사이드 흔적 리페어 더마 크림,4.39,147
cream,71,피지오겔레드수딩 시카밸런스 크림,4.48,577
cream,72,일리윤히알루론 모이스춰 수분크림,4.29,2062
cream,73,달바화이트 트러플 더블 세럼 앤 크림,4.72,3927
cream,74,에스네이처아쿠아 스쿠알란 판테놀 아이크림 포 페이스 밤,4.62,26
cream,75,코스노리아보카도 아이크림,4.56,2839
cream,76,한율어린쑥 수분진정 크림,4.46,1157
cream,77,리얼베리어익스트림 크림 라이트,4.49,522
cream,78,아벤느시칼파트 플러스 SOS 크림,4.39,1011
cream,79,이즈앤트리어니언 뉴페어 겔크림 플러스,4.41,94
cream,80,웰라쥬리얼 시카 카밍 95 크림,4.48,634
cream,81,믹순히알레배 포어 블러링 크림,4.46,467
cream,82,주미소D-판테놀 베리어 수딩 크림,4.45,152
cream,83,더랩바이블랑두올리고 히알루론산 카밍+크림,4.3,4856
cream,84,더랩바이블랑두클리어히알결광 스킨핏프렙,4.6,47
cream,85,이니스프리그린티 버터 보습 크림,4.62,141
cream,86,에스트라아토베리어 크림,4.6,414
cream,87,마일드랩블루센텔라 더마 리페어크림,4.51,319
cream,88,오울루버치 아토 모이스처 크림,4.77,2542
cream,89,아누아3 세라마이드 판테놀 모이스처 베리어 크림,4.52,77
cream,90,더마팩토리트라넥삼산 6%크림,4.43,21
cream,91,닥터오라클세라마베리어™ 페이셜 세라마이드 크림,4.63,575
cream,92,닥터지블랙 스네일 크림,4.63,62
cream,93,비플레인밀크 세라마이드 보습 크림,4.63,112
cream,94,더마팩토리레티날 300ppm 크림,4.56,112
cream,95,셀라딕스히알루로닉 인텐스 크림,4.67,73
cream,96,결하우스울트라 모이스처 호호바 세럼 앤 크림,4.62,176
cream,97,센텔리안24마데카 크림 타이트 리프팅,4.53,78
cream,98,더마펌수딩 리페어 토닝 크림 R4,4.51,1051
cream,99,이즈앤트리초저분자 히아루론산 징크 수분 크림,4.57,310
cream,100,샤이샤이샤이리포좀 리페어 밀키 크림,4.44,556
mist,1,아누아PDRN 히알루론산 수분 캡슐 미스트,4.47,618
mist,2,에스네이처아쿠아 스쿠알란 미스트,4.63,1277
mist,3,닥터지레드 블레미쉬 쿨 수딩 젤리 미스트,4.59,410
mist,4,리더스PDRN 0.5% 앰플 미스트,4.6,432
mist,5,달바화이트 트러플 퍼스트 스프레이 세럼,4.42,8429
mist,6,아이레시피아쿠아 피토플렉스 크림 인 토너 미스트,4.58,2912
mist,7,에스트라아토베리어 365 크림 미스트,4.29,1584
mist,8,아벤느오 떼르말,4.18,10664
mist,9,유이크바이옴 베리어 크림 미스트,4.64,1476
mist,10,오드로이모공수축 시카 83.7 콜라겐 미스트 앰플 로프디,4.48,473
mist,11,차앤박화장품프로폴리스 에너지 앰플 미스트,4.3,6886
mist,12,바이오힐 보판테셀 리페어시카 크림미스트,4.45,316
mist,13,아비브부활초 미스트 세럼 글로우 스프레이,4.74,23
mist,14,라운드랩1025 독도 미스트,4.37,719
mist,15,닥터올가약산성 어성초 레드스팟 여드름 & 등드름 미스트,4.46,1317
mist,16,더하르나이시카이드 크림 미스트,4.64,61
mist,17,온그리디언츠스킨 베리어 속광 미스트,4.58,26
mist,18,모토몬트밀크티 미스트,4.56,361
mist,19,이즈앤트리히아루론산 워터 미스트,4.42,990
mist,20,네오베아레이어링 크림 미스트,4.43,401
mist,21,아이레시피리틀트윈스타 콜라보 아쿠아 피토플렉스 크림 인 토너 미스트,4.85,39
mist,22,토니모리알로에 촉촉 수딩젤 미스트,4.58,12
mist,23,메이크프렘이온 스플래쉬 앰플 미스트,4.73,11
mist,24,앰플엔세라마이드샷 앰플 미스트,4.42,199
mist,25,달바화이트 트러플 퍼스트 아로마틱 스프레이 세럼,4.52,441
mist,26,리슬로우화이트 로터스 피디알엔 스프레이 세럼,4.52,240
mist,27,정샘물뷰티에센셜 물 마이크로 피팅 미스트,4.33,220
mist,28,한율어린쑥 트러블 미스트,4.33,75
mist,29,마녀공장갈락토미 에센스 미스트,4.32,190
mist,30,브이티코스메틱피디알엔 글로우 앰플,4.12,42
mist,31,달바화이트 트러플 로얄 인텐시브 세럼,4.4,151
mist,32,리쥬베닐아바파하샴페인미스트앰플,4.35,285
mist,33,더랩바이블랑두클리어히알결광 세럼미스트,4.26,23
mist,34,토니모리어성초시카 크림 미스트,4.42,19
mist,35,달바화이트 트러플 바이탈 스프레이 세럼,4.36,330
mist,36,파티온노스카나인 퍼스트스텝 진정세럼미스트,4.19,53
mist,37,토니모리어성초시카 퀵카밍 미스트 세럼,4.4,15
mist,38,헤슬쏙보습 쌀 세럼 미스트,4.7,10
mist,39,마녀공장비피다 앰플 미스트,4.5,646
mist,40,올리세퓨어 워터 미스트,4.17,1859
mist,41,싸이닉퍼스트 트리트먼트 미스트,4.57,23
mist,42,휩드무화버터 비건 밀크폼 팩미스트,4.54,13
mist,43,널리제주 선인장 진정수분 토너미스트,4.6,208
mist,44,셀리맥스노니 앰플 미스트,4.41,37
mist,45,닥터자르트시카페어™ 페이셜 카밍 미스트,4.24,49
mist,46,벨프리모히알베리어 워터 미스트,4.58,177
mist,47,소미클라우드 딥 글로우 미스트,4.48,207
mist,48,아이다글루타치온 브라이트닝 앰플 미스트,4.69,13
mist,49,스킨푸드블루 캐모마일 히알루로닉 토너 미스트,4.34,29
mist,50,숨37도시크릿 에센스 미스트,4.29,14
mist,51,라로슈포제세로징크 세범 컨트롤 토닝 미스트,4.04,726
mist,52,마미케어바다포도 젤리미스트,4.11,38
mist,53,리얼베리어익스트림 판테놀 에센스 미스트,4.46,13
mist,54,이니스프리그린티 히알루론산 미스트,4.23,75
mist,55,달바화이트 트러플 수프림 인텐시브 세럼,4.35,124
mist,56,더랩바이블랑두프리바이오틱세라™ 크림 미스트,4.46,134
mist,57,닥터엘시아345 크림 미스트,4.47,19
mist,58,라로슈포제오 떼르말 온천수 미스트,4.09,1129
mist,59,프럼네이처알로에베라 98% 수딩젤 미스트,4.67,18
mist,60,아비브어성초 페이셜 미스트 카밍 스프레이,4.49,35
mist,61,셀릭사리부트 안티옥시던트 미스트 세럼,4.6,100
mist,62,휘게릴리프 캐모마일 미스트,4.28,247
mist,63,차앤박화장품뮤제너 카밍 앰플 미스트,4.56,39
mist,64,시드물수분가득 물방울 미스트,3.34,65
mist,65,TTtH온천수 미스트,4.63,506
mist,66,과일나라알로에베라 모이스처 아쿠아 리얼 수딩젤 미스트,4.12,234
mist,67,유리아쥬오 떼르말,4.1,1287
mist,68,시드물꿀 펩타이드 미스트,4.5,24
mist,69,닥터올가어성초&목련 카밍 스킨 미스트,4.64,350
mist,70,믹순하센티 미스트,4.65,23
mist,71,런드리유클린 페이스 솔리드 미스트 카밍,4.14,43
mist,72,센텔리안24마데카 크림 미스트,4.35,26
mist,73,그라운드플랜미스트,4.27,2029
mist,74,차앤박화장품아따맘마 콜라보 프로폴리스 에너지 앰플 미스트,4.6,15
mist,75,바이오힐 보프로바이오덤 3D 리프팅 크림 미스트,4.33,15
mist,76,디어클레어스펀더멘탈 앰플 미스트,4.58,867
mist,77,시초부스팅 미스트 세럼,4.46,2558
mist,78,록키스워터밤 빙하수 약산성 모공미스트,4.56,18
mist,79,로지피끄뿌크,4.45,11
mist,80,센텔리안24마데카 병풀 미스트,4.54,13
mist,81,르뮤아이소셀 리커버리 솔루션,4.68,19
mist,82,차앤박화장품비타-비 앰플 미스트,4.29,35
mist,83,홀리카홀리카세라베리어 모이스처 액티브 미스트,4.58,163
mist,84,온그리디언츠미니언즈 에디션 스킨 베리어 속광 미스트,4.0,13
mist,85,은율데일리 케어 미스트 [콜라겐],4.47,34
mist,86,아페리레미라클데이 루트 에센스 토너 미스트,4.28,71
mist,87,비프루브모이스처 워터미스트,4.22,23
mist,88,라로슈포제시카플라스트 B5 스프레이,4.07,30
mist,89,리아네이처미스트올,4.55,11
mist,90,홀리카홀리카굳세라 수퍼 세라마이드 미스트,4.28,484
mist,91,다슈데일리 릴렉스 올인원 바디 미스트,4.5,22
mist,92,편강율진정 수분 미스트,4.31,32
mist,93,식물원알로에 프레시 수딩미스트,4.22,116
mist,94,시드물알로에 쿨링 미스트,4.12,164
mist,95,에센허브바디 크림 미스트,4.44,36
mist,96,매스티나화이트매스틱 미스트 앰플,4.53,436
mist,97,디폰데시그니처 오리진 86 미스트,4.69,16
mist,98,시드물티트리 리프레쉬 오일 컨트롤 미스트,4.06,199
mist,99,바이오힐 보판테셀 리페어시카 앰플 미스트,4.25,20
mist,100,바이옴액티베이트미스트 에센스,4.47,70
skin_pad,1,스킨푸드캐롯 카로틴 카밍 워터 패드,4.47,20619
skin_pad,2,퓨리피아메타바이옴 토너 패드,4.7,4056
skin_pad,3,아비브어성초 흔적 에센스 패드 클리어 터치,4.35,2948
skin_pad,4,일루미엘물결 수분 네모패드,4.73,3219
skin_pad,5,에이에스씨이플러스더블: 이엑스 시그널 패드 프로,4.63,587
skin_pad,6,리브엠워터핏 8중 수분착붙 패드,4.67,3505
skin_pad,7,에스네이처아쿠아 오아시스 판테알란 카밍패드,4.73,1095
skin_pad,8,메디힐마데카소사이드 흔적패드,4.35,4866
skin_pad,9,구달어성초 히알루론 수딩 클리어패드,4.7,1501
skin_pad,10,듀이트리AC 딥 진정 모공 패드,4.52,2337
skin_pad,11,비플레인녹두 모공 클리어링 필터 패드,4.6,1077
skin_pad,12,비플레인시카테롤 블레미쉬 패드,4.68,2728
skin_pad,13,토리든다이브인 저분자 히알루론산 멀티패드,4.54,2326
skin_pad,14,토리든밸런스풀 시카 토너 패드,4.64,2886
skin_pad,15,넘버즈인1번 시카 갈아만든 초록패드,4.43,2252
skin_pad,16,셀퓨전씨포스트 알파 쿨링 패드,4.62,1325
skin_pad,17,스킨푸드당근 PDRN 속수분 패드,4.69,203
skin_pad,18,아이레시피시카 PDRN 흔적 클리어 토너 패드,4.61,957
skin_pad,19,아비브수분초 히알루론 패드 하이드레이팅 터치,4.61,2303
skin_pad,20,스킨푸드포테이토 마데카소사이드 수딩 패드,4.31,1826
skin_pad,21,리브엠시카좀 카밍 클리어 토너 패드,4.65,1021
skin_pad,22,유이크바이옴 레미디 포어 리셋 쿨링 패드,4.68,560
skin_pad,23,잇츠스킨파워10 감초줄렌 젤리패드,4.65,7228
skin_pad,24,라운드랩자작나무 수분 패드,4.65,1834
skin_pad,25,메디힐히알루론산 속보습 패드,4.6,63
skin_pad,26,셀리맥스지우개패드,4.35,5517
skin_pad,27,리더스PDRN 0.5% 에센스 패드,4.69,200
skin_pad,28,커버앤커버애플민트 히알루론산 PDRN 3분 패드 팩,4.7,400
skin_pad,29,듀이트리AC 컨트롤 EX 딥 흔적 진정 잡티 패드,4.52,566
skin_pad,30,듀이트리픽 앤 퀵 뜯어쓰는 더블 패드 [화장발],4.52,393
skin_pad,31,아비브어성초 스팟 패드 카밍터치,4.37,2447
skin_pad,32,아누아8 히알루론산 카테킨 카밍 패드,4.47,134
skin_pad,33,더마펌수딩 리페어 토닝 패드 R4,4.68,1259
skin_pad,34,토리든셀메이징 비타 씨 브라이트닝 흔적 토닝 패드,4.63,341
skin_pad,35,YBK핑크 글로우 빔 젤리 패드,4.62,406
skin_pad,36,더마토리시카 커즈 패드,4.42,6827
skin_pad,37,한율어린쑥 수분진정 패드,4.45,404
skin_pad,38,더마토리살리시닉 포어 클리어 블랙 패드,4.33,222
skin_pad,39,메이크프렘인테카 트러블 수딩 패드,4.6,551
skin_pad,40,잇츠스킨파워10 포뮬라 엘아이 토너 패드,4.68,496
skin_pad,41,아페리레순수 블루 토너 패드,4.6,1221
skin_pad,42,아누아PDRN 100 히알루론산 글로우 패드,4.41,182
skin_pad,43,메디힐티트리 트러블 진정 패드,4.33,116
skin_pad,44,셀퓨전씨포스트 알파 시카 쿨링 패드,4.58,299
skin_pad,45,리더스보습 영양 패드,4.68,734
skin_pad,46,브링그린티트리 시카 트러블 수딩 토너 패드,4.43,255
skin_pad,47,수이스킨어린 새싹 포어 컨트롤 패드,4.58,442
skin_pad,48,주미소안티옥시던트 글로우 토닝 패드,4.64,738
skin_pad,49,스트라이덱스센시티브 패드,3.92,5961
skin_pad,50,아비브글루타치온좀 잡티 패드 비타 터치,4.68,77
skin_pad,51,웰라쥬리얼 히알루로닉 블루 토너 패드,4.56,546
skin_pad,52,트루스오브뷰티시카-뮤신 진정 패드,4.62,240
skin_pad,53,메디큐브제로모공패드 2.0,4.2,3630
skin_pad,54,YBK어성초 원스텝 포어 패드,4.54,993
skin_pad,55,스킨푸드판토테닉 워터파슬리 클리어 패드,4.31,431
skin_pad,56,라운드랩1025 독도 패드,4.38,2436
skin_pad,57,나드약산성 필링 토너 패드,4.48,42
skin_pad,58,스킨푸드레몬그라스 나이아신아마이드 5% 패드,4.48,66
skin_pad,59,리쥬란코스메틱더마 힐러 포어 타이트닝 토너 패드,4.89,19
skin_pad,60,리더스쿨링 진정 패드,4.44,302
skin_pad,61,셀리맥스시카 지우개패드,4.48,114
skin_pad,62,이즈앤트리어니언 뉴페어 클리어 패드,4.47,1163
skin_pad,63,스킨1004마다가스카르 센텔라 퀵 카밍 패드,4.77,30
skin_pad,64,메디힐피토엔자임 각질 패드,4.36,934
skin_pad,65,이즈앤트리김 PDRN 부스팅 글로우 패드,4.63,109
skin_pad,66,닥터지레드 블레미쉬 클리어 더블 결 패드,4.43,21
skin_pad,67,퓨리피아시카 수분 진정 토너 패드,4.59,282
skin_pad,68,니들리데일리 토너 패드,4.43,1957
skin_pad,69,더마토리시카 피디알엔 흔적 진정 패드,4.18,84
skin_pad,70,마녀공장비피다 바이옴 앰플 패드,4.61,3269
skin_pad,71,라운드랩소나무 진정 시카 패드,4.45,733
skin_pad,72,더마토리히알루론 수분샘 엠보패드,4.57,37
skin_pad,73,이즈앤트리초저분자 히아루론산 징크 쿨링 패드,4.66,154
skin_pad,74,나드어성초 아하 바하 파하 필링 패드,4.51,51
skin_pad,75,피캄베리어사이클 토너패드,4.41,1026
skin_pad,76,아비브그린 LHA 모공 패드 클리어 터치,4.5,46
skin_pad,77,스킨푸드블루 캐모마일 히알루로닉 패드,4.69,16
skin_pad,78,라움비포어 밸런스 수분 패드,4.6,197
skin_pad,79,이니스프리비타C 그린티 엔자임 잡티 토닝 패드,4.45,146
skin_pad,80,스킨푸드샤인머스캣 시카 바하 토너패드,4.34,107
skin_pad,81,초록초롱비건 허브 각질 피지케어 제주 페퍼민트 토너패드,4.67,622
skin_pad,82,밀바랩충청 허브 진정 토너 패드,4.67,415
skin_pad,83,수올림탄닌 시카 투웨이 토너패드,4.35,46
skin_pad,84,앤디얼센텔라 인 시카 카밍 패드,4.55,468
skin_pad,85,메디힐비타마이드 잡티 패드,4.37,337
skin_pad,86,더랩바이블랑두올리고 히알루론산 7 멀티 포뮬라 패드,4.49,1706
skin_pad,87,파티온노스카나인 트러블 패드,4.36,28
skin_pad,88,셀퓨전씨모공 톡스 패드,4.46,1232
skin_pad,89,넘버즈인5번 글루타치온C 흔적 필름패드,4.29,261
skin_pad,90,셀리맥스브라이트닝 모공잡티 팩패드,4.43,69
skin_pad,91,메디필물톡스 광채 보습 패드 2.0,4.26,68
skin_pad,92,브링그린대나무히알루수분부스팅토너패드,4.36,42
skin_pad,93,셀퓨전씨진로 에디션 포스트 알파 쿨링 패드,4.84,43
skin_pad,94,이니스프리레티놀 시카 흔적 패드,4.36,50
skin_pad,95,커버앤커버애플민트 패드 3분팩,4.5,611
skin_pad,96,마녀공장히더 카밍 에센스 패드,4.58,2078
skin_pad,97,메디큐브엑소좀시카 진정 패드,3.96,253
skin_pad,98,메디힐당근 수분 진정 패드,4.42,149
skin_pad,99,일소어성초.밀착 진정 패드,4.69,51
skin_pad,100,일루미엘소프트 리프팅 감태 패드,4.51,512
